ctime,schemaname,relname,indexrelname,idx_scan,idx_tup_read,idx_tup_fetch,idx_blks_read,idx_blks_hit
1416445852.71111,pg_catalog,pg_statistic,pg_statistic_relid_att_inh_index,33788,32382,32372,360,73103
1416445852.71111,pg_catalog,pg_type,pg_type_typname_nsp_index,3936,3049,2819,1017,9539
1416445852.71111,pg_catalog,pg_type,pg_type_oid_index,146850,146431,146431,333,300609
1416445852.71111,pg_toast,pg_toast_2619,pg_toast_2619_index,23272,79864,79864,314,27004
1416445852.71111,pg_toast,pg_toast_1255,pg_toast_1255_index,0,0,0,0,0
1416445852.71111,pg_toast,pg_toast_2604,pg_toast_2604_index,0,0,0,0,0
1416445852.71111,pg_toast,pg_toast_2606,pg_toast_2606_index,0,0,0,0,0
1416445852.71111,pg_toast,pg_toast_2618,pg_toast_2618_index,681,2174,2174,131,969
1416445852.71111,pg_toast,pg_toast_2620,pg_toast_2620_index,0,0,0,0,0
1416445852.71111,pg_toast,pg_toast_2609,pg_toast_2609_index,0,0,0,0,0
1416445852.71111,pg_toast,pg_toast_2964,pg_toast_2964_index,0,0,0,0,0
1416445852.71111,pg_toast,pg_toast_2396,pg_toast_2396_index,0,0,0,0,0
1416445852.71111,pg_toast,pg_toast_3596,pg_toast_3596_index,0,0,0,0,0
1416445852.71111,pg_catalog,pg_authid,pg_authid_oid_index,6374,6374,6374,134,12614
1416445852.71111,pg_catalog,pg_authid,pg_authid_rolname_index,6337,6337,6337,134,12540
1416445852.71111,pg_catalog,pg_largeobject,pg_largeobject_loid_pn_index,0,0,0,0,0
1416445852.71111,pg_catalog,pg_user_mapping,pg_user_mapping_user_server_index,0,0,0,0,0
1416445852.71111,pg_catalog,pg_user_mapping,pg_user_mapping_oid_index,0,0,0,0,0
1416445852.71111,pg_catalog,pg_attribute,pg_attribute_relid_attnum_index,127805,287966,287823,814,265805
1416445852.71111,pg_catalog,pg_attribute,pg_attribute_relid_attnam_index,222,222,222,318,3541
1416445852.71111,pg_catalog,pg_proc,pg_proc_proname_args_nsp_index,7667,34660,34660,1250,20016
1416445852.71111,pg_catalog,pg_proc,pg_proc_oid_index,47639,47639,47639,836,100532
1416445852.71111,pg_catalog,pg_attrdef,pg_attrdef_oid_index,0,0,0,0,0
1416445852.71111,pg_catalog,pg_attrdef,pg_attrdef_adrelid_adnum_index,0,0,0,0,0
1416445852.71111,pg_catalog,pg_constraint,pg_constraint_oid_index,64,32,32,10,150
1416445852.71111,pg_catalog,pg_constraint,pg_constraint_contypid_index,0,0,0,8,56
1416445852.71111,pg_catalog,pg_constraint,pg_constraint_conrelid_index,0,0,0,8,56
1416445852.71111,pg_catalog,pg_constraint,pg_constraint_conname_nsp_index,0,0,0,8,56
1416445852.71111,pg_catalog,pg_inherits,pg_inherits_parent_index,0,0,0,0,0
1416445852.71111,pg_catalog,pg_inherits,pg_inherits_relid_seqno_index,202,0,0,107,95
1416445852.71111,pg_catalog,pg_index,pg_index_indexrelid_index,53539,53761,53539,123,60074
1416445852.71111,pg_catalog,pg_index,pg_index_indrelid_index,14639,44609,44609,300,17998
1416445852.71111,pg_catalog,pg_opfamily,pg_opfamily_oid_index,0,0,0,0,0
1416445852.71111,pg_catalog,pg_opfamily,pg_opfamily_am_name_nsp_index,0,0,0,0,0
1416445852.71111,pg_catalog,pg_opclass,pg_opclass_oid_index,31933,31933,31933,125,38297
1416445852.71111,pg_catalog,pg_opclass,pg_opclass_am_name_nsp_index,9597,399438,399438,376,11925
1416445852.71111,pg_catalog,pg_am,pg_am_oid_index,0,0,0,0,0
1416445852.71111,pg_catalog,pg_am,pg_am_name_index,0,0,0,0,0
1416445852.71111,pg_catalog,pg_amop,pg_amop_oid_index,0,0,0,0,0
1416445852.71111,pg_catalog,pg_amop,pg_amop_opr_fam_index,22811,62839,62839,451,49626
1416445852.71111,pg_catalog,pg_amop,pg_amop_fam_strat_index,30014,30014,30014,394,62681
1416445852.71111,pg_catalog,pg_amproc,pg_amproc_oid_index,0,0,0,0,0
1416445852.71111,pg_catalog,pg_amproc,pg_amproc_fam_proc_index,31021,91461,91461,274,68257
1416445852.71111,pg_catalog,pg_language,pg_language_oid_index,0,0,0,0,0
1416445852.71111,pg_catalog,pg_language,pg_language_name_index,0,0,0,0,0
1416445852.71111,pg_catalog,pg_largeobject_metadata,pg_largeobject_metadata_oid_index,0,0,0,0,0
1416445852.71111,pg_catalog,pg_aggregate,pg_aggregate_fnoid_index,3371,3371,3371,504,5374
1416445852.71111,pg_catalog,pg_rewrite,pg_rewrite_rel_rulename_index,1267,1159,1051,226,1942
1416445852.71111,pg_catalog,pg_rewrite,pg_rewrite_oid_index,324,216,216,152,392
1416445852.71111,pg_catalog,pg_trigger,pg_trigger_oid_index,0,0,0,0,0
1416445852.71111,pg_catalog,pg_trigger,pg_trigger_tgrelid_tgname_index,0,0,0,0,0
1416445852.71111,pg_catalog,pg_trigger,pg_trigger_tgconstraint_index,0,0,0,0,0
1416445852.71111,pg_catalog,pg_event_trigger,pg_event_trigger_oid_index,0,0,0,0,0
1416445852.71111,pg_catalog,pg_event_trigger,pg_event_trigger_evtname_index,374,0,0,102,272
1416445852.71111,pg_catalog,pg_description,pg_description_o_c_o_index,908,0,0,303,1715
1416445852.71111,pg_catalog,pg_cast,pg_cast_source_target_index,211436,50342,50342,133,217414
1416445852.71111,pg_catalog,pg_cast,pg_cast_oid_index,0,0,0,0,0
1416445852.71111,pg_catalog,pg_database,pg_database_oid_index,8330,8329,8329,129,14799
1416445852.71111,pg_catalog,pg_database,pg_database_datname_index,12926,12925,12925,126,19382
1416445852.71111,pg_catalog,pg_namespace,pg_namespace_oid_index,14123,14113,14113,237,14401
1416445852.71111,pg_catalog,pg_namespace,pg_namespace_nspname_index,17637,11298,11298,131,23845
1416445852.71111,pg_catalog,pg_conversion,pg_conversion_oid_index,0,0,0,0,0
1416445852.71111,pg_catalog,pg_conversion,pg_conversion_name_nsp_index,0,0,0,0,0
1416445852.71111,pg_catalog,pg_conversion,pg_conversion_default_index,0,0,0,0,0
1416445852.71111,pg_catalog,pg_db_role_setting,pg_db_role_setting_databaseid_rol_index,26388,0,0,56,26332
1416445852.71111,pg_catalog,pg_tablespace,pg_tablespace_spcname_index,0,0,0,12,12
1416445852.71111,pg_catalog,pg_tablespace,pg_tablespace_oid_index,4521,4521,4521,196,8846
1416445852.71111,pg_catalog,pg_pltemplate,pg_pltemplate_name_index,0,0,0,0,0
1416445852.71111,pg_catalog,pg_auth_members,pg_auth_members_member_role_index,0,0,0,0,0
1416445852.71111,pg_catalog,pg_auth_members,pg_auth_members_role_member_index,0,0,0,0,0
1416445852.71111,pg_catalog,pg_shdepend,pg_shdepend_reference_index,213,213,213,202,214
1416445852.71111,pg_catalog,pg_shdepend,pg_shdepend_depender_index,844,0,0,203,834
1416445852.71111,pg_catalog,pg_shdescription,pg_shdescription_o_c_index,0,0,0,0,0
1416445852.71111,pg_catalog,pg_ts_config,pg_ts_config_oid_index,0,0,0,0,0
1416445852.71111,pg_catalog,pg_ts_config,pg_ts_config_cfgname_index,0,0,0,0,0
1416445852.71111,pg_catalog,pg_ts_config_map,pg_ts_config_map_index,0,0,0,0,0
1416445852.71111,pg_catalog,pg_ts_dict,pg_ts_dict_oid_index,0,0,0,0,0
1416445852.71111,pg_catalog,pg_ts_dict,pg_ts_dict_dictname_index,0,0,0,0,0
1416445852.71111,pg_catalog,pg_ts_parser,pg_ts_parser_oid_index,0,0,0,0,0
1416445852.71111,pg_catalog,pg_ts_parser,pg_ts_parser_prsname_index,0,0,0,0,0
1416445852.71111,pg_catalog,pg_ts_template,pg_ts_template_oid_index,0,0,0,0,0
1416445852.71111,pg_catalog,pg_ts_template,pg_ts_template_tmplname_index,0,0,0,0,0
1416445852.71111,pg_catalog,pg_extension,pg_extension_name_index,0,0,0,0,0
1416445852.71111,pg_catalog,pg_extension,pg_extension_oid_index,0,0,0,0,0
1416445852.71111,pg_catalog,pg_foreign_data_wrapper,pg_foreign_data_wrapper_name_index,0,0,0,0,0
1416445852.71111,pg_catalog,pg_foreign_data_wrapper,pg_foreign_data_wrapper_oid_index,0,0,0,0,0
1416445852.71111,pg_catalog,pg_foreign_server,pg_foreign_server_name_index,0,0,0,0,0
1416445852.71111,pg_catalog,pg_foreign_server,pg_foreign_server_oid_index,0,0,0,0,0
1416445852.71111,pg_catalog,pg_foreign_table,pg_foreign_table_relid_index,0,0,0,0,0
1416445852.71111,pg_catalog,pg_rowsecurity,pg_rowsecurity_polname_relid_index,0,0,0,0,0
1416445852.71111,pg_catalog,pg_rowsecurity,pg_rowsecurity_oid_index,0,0,0,0,0
1416445852.71111,pg_catalog,pg_default_acl,pg_default_acl_oid_index,0,0,0,0,0
1416445852.71111,pg_catalog,pg_default_acl,pg_default_acl_role_nsp_obj_index,848,0,0,89,759
1416445852.71111,pg_catalog,pg_seclabel,pg_seclabel_object_index,908,0,0,98,810
1416445852.71111,pg_catalog,pg_shseclabel,pg_shseclabel_object_index,0,0,0,0,0
1416445852.71111,pg_catalog,pg_collation,pg_collation_oid_index,0,0,0,0,0
1416445852.71111,pg_catalog,pg_collation,pg_collation_name_enc_nsp_index,0,0,0,0,0
1416445852.71111,pg_catalog,pg_range,pg_range_rngtypid_index,1516,0,0,489,2543
1416445852.71111,pg_toast,pg_toast_12698,pg_toast_12698_index,0,0,0,0,0
1416445852.71111,pg_toast,pg_toast_12703,pg_toast_12703_index,0,0,0,0,0
1416445852.71111,pg_toast,pg_toast_12708,pg_toast_12708_index,0,0,0,0,0
1416445852.71111,pg_toast,pg_toast_12713,pg_toast_12713_index,0,0,0,0,0
1416445852.71111,pg_toast,pg_toast_12718,pg_toast_12718_index,0,0,0,0,0
1416445852.71111,pg_toast,pg_toast_12723,pg_toast_12723_index,0,0,0,0,0
1416445852.71111,pg_catalog,pg_class,pg_class_tblspc_relfilenode_index,0,0,0,345,1180
1416445852.71111,pg_catalog,pg_class,pg_class_relname_nsp_index,24242,12648,12428,568,55026
1416445852.71111,pg_catalog,pg_class,pg_class_oid_index,134000,133622,132869,390,275206
1416445852.71111,pg_catalog,pg_operator,pg_operator_oprname_l_r_n_index,22671,228551,228551,508,49547
1416445852.71111,pg_catalog,pg_operator,pg_operator_oid_index,26091,26091,26091,428,56414
1416445852.71111,pg_catalog,pg_enum,pg_enum_typid_sortorder_index,0,0,0,0,0
1416445852.71111,pg_catalog,pg_enum,pg_enum_typid_label_index,0,0,0,0,0
1416445852.71111,pg_catalog,pg_enum,pg_enum_oid_index,0,0,0,0,0
1416445852.71111,pg_catalog,pg_depend,pg_depend_reference_index,6685,7256,6128,1449,15467
1416445852.71111,pg_catalog,pg_depend,pg_depend_depender_index,1919,3088,3088,744,6636
1416445852.71111,pg_toast,pg_toast_12693,pg_toast_12693_index,0,0,0,0,0
1416445912.71275,pg_catalog,pg_statistic,pg_statistic_relid_att_inh_index,33958,32508,32498,360,73557
1416445912.71275,pg_catalog,pg_type,pg_type_typname_nsp_index,3938,3051,2821,1017,9545
1416445912.71275,pg_catalog,pg_type,pg_type_oid_index,147082,146663,146663,333,301110
1416445912.71275,pg_toast,pg_toast_2619,pg_toast_2619_index,23318,79892,79892,316,27333
1416445912.71275,pg_toast,pg_toast_1255,pg_toast_1255_index,0,0,0,0,0
1416445912.71275,pg_toast,pg_toast_2604,pg_toast_2604_index,0,0,0,0,0
1416445912.71275,pg_toast,pg_toast_2606,pg_toast_2606_index,0,0,0,0,0
1416445912.71275,pg_toast,pg_toast_2618,pg_toast_2618_index,686,2190,2190,131,977
1416445912.71275,pg_toast,pg_toast_2620,pg_toast_2620_index,0,0,0,0,0
1416445912.71275,pg_toast,pg_toast_2609,pg_toast_2609_index,0,0,0,0,0
1416445912.71275,pg_toast,pg_toast_2964,pg_toast_2964_index,0,0,0,0,0
1416445912.71275,pg_toast,pg_toast_2396,pg_toast_2396_index,0,0,0,0,0
1416445912.71275,pg_toast,pg_toast_3596,pg_toast_3596_index,0,0,0,0,0
1416445912.71275,public,customer,pk_customer,0,0,0,4115,0
1416445912.71275,public,customer,customer_c_nationkey_c_custkey_brin_idx,0,0,0,0,3
1416445912.71275,public,customer,customer_c_mktsegment_c_custkey_idx,0,0,0,5778,0
1416445912.71275,public,customer,customer_c_phone_idx_c_acctbal,0,0,0,3741,0
1416445912.71275,public,customer,customer_c_phone_idx,0,0,0,4115,0
1416445912.71275,pg_catalog,pg_authid,pg_authid_oid_index,6439,6439,6439,136,12742
1416445912.71275,pg_catalog,pg_authid,pg_authid_rolname_index,6401,6401,6401,136,12666
1416445912.71275,pg_catalog,pg_largeobject,pg_largeobject_loid_pn_index,0,0,0,0,0
1416445912.71275,pg_catalog,pg_user_mapping,pg_user_mapping_user_server_index,0,0,0,0,0
1416445912.71275,pg_catalog,pg_user_mapping,pg_user_mapping_oid_index,0,0,0,0,0
1416445912.71275,pg_catalog,pg_attribute,pg_attribute_relid_attnum_index,128532,289815,289647,819,267389
1416445912.71275,pg_catalog,pg_attribute,pg_attribute_relid_attnam_index,245,245,245,337,3696
1416445912.71275,pg_catalog,pg_proc,pg_proc_proname_args_nsp_index,7679,34713,34713,1253,20044
1416445912.71275,pg_catalog,pg_proc,pg_proc_oid_index,47719,47719,47719,838,100700
1416445912.71275,pg_catalog,pg_attrdef,pg_attrdef_oid_index,0,0,0,0,0
1416445912.71275,pg_catalog,pg_attrdef,pg_attrdef_adrelid_adnum_index,0,0,0,0,0
1416445912.71275,pg_catalog,pg_constraint,pg_constraint_oid_index,70,32,32,10,168
1416445912.71275,pg_catalog,pg_constraint,pg_constraint_contypid_index,0,0,0,10,66
1416445912.71275,pg_catalog,pg_constraint,pg_constraint_conrelid_index,0,0,0,10,66
1416445912.71275,pg_catalog,pg_constraint,pg_constraint_conname_nsp_index,0,0,0,10,66
1416445912.71275,pg_catalog,pg_inherits,pg_inherits_parent_index,0,0,0,0,0
1416445912.71275,pg_catalog,pg_inherits,pg_inherits_relid_seqno_index,202,0,0,107,95
1416445912.71275,pg_catalog,pg_index,pg_index_indexrelid_index,53792,54042,53792,123,60383
1416445912.71275,pg_catalog,pg_index,pg_index_indrelid_index,14760,44866,44866,300,18166
1416445912.71275,pg_catalog,pg_opfamily,pg_opfamily_oid_index,0,0,0,0,0
1416445912.71275,pg_catalog,pg_opfamily,pg_opfamily_am_name_nsp_index,0,0,0,0,0
1416445912.71275,pg_catalog,pg_opclass,pg_opclass_oid_index,32089,32089,32089,125,38491
1416445912.71275,pg_catalog,pg_opclass,pg_opclass_am_name_nsp_index,9673,402655,402655,376,12028
1416445912.71275,pg_catalog,pg_am,pg_am_oid_index,0,0,0,0,0
1416445912.71275,pg_catalog,pg_am,pg_am_name_index,0,0,0,0,0
1416445912.71275,pg_catalog,pg_amop,pg_amop_oid_index,0,0,0,0,0
1416445912.71275,pg_catalog,pg_amop,pg_amop_opr_fam_index,22854,62936,62936,451,49723
1416445912.71275,pg_catalog,pg_amop,pg_amop_fam_strat_index,30132,30132,30132,395,62927
1416445912.71275,pg_catalog,pg_amproc,pg_amproc_oid_index,0,0,0,0,0
1416445912.71275,pg_catalog,pg_amproc,pg_amproc_fam_proc_index,31169,91737,91737,274,68591
1416445912.71275,pg_catalog,pg_language,pg_language_oid_index,0,0,0,0,0
1416445912.71275,pg_catalog,pg_language,pg_language_name_index,0,0,0,0,0
1416445912.71275,pg_catalog,pg_largeobject_metadata,pg_largeobject_metadata_oid_index,0,0,0,0,0
1416445912.71275,pg_catalog,pg_aggregate,pg_aggregate_fnoid_index,3372,3372,3372,506,5374
1416445912.71275,pg_catalog,pg_rewrite,pg_rewrite_rel_rulename_index,1274,1166,1058,226,1954
1416445912.71275,pg_catalog,pg_rewrite,pg_rewrite_oid_index,324,216,216,152,392
1416445912.71275,pg_catalog,pg_trigger,pg_trigger_oid_index,0,0,0,0,0
1416445912.71275,pg_catalog,pg_trigger,pg_trigger_tgrelid_tgname_index,0,0,0,0,0
1416445912.71275,pg_catalog,pg_trigger,pg_trigger_tgconstraint_index,0,0,0,0,0
1416445912.71275,pg_catalog,pg_event_trigger,pg_event_trigger_oid_index,0,0,0,0,0
1416445912.71275,pg_catalog,pg_event_trigger,pg_event_trigger_evtname_index,391,0,0,102,289
1416445912.71275,pg_catalog,pg_description,pg_description_o_c_o_index,908,0,0,303,1715
1416445912.71275,pg_catalog,pg_cast,pg_cast_source_target_index,212659,50579,50579,133,218666
1416445912.71275,pg_catalog,pg_cast,pg_cast_oid_index,0,0,0,0,0
1416445912.71275,pg_catalog,pg_database,pg_database_oid_index,8410,8409,8409,131,14943
1416445912.71275,pg_catalog,pg_database,pg_database_datname_index,13057,13056,13056,128,19576
1416445912.71275,pg_catalog,pg_namespace,pg_namespace_oid_index,14241,14231,14231,237,14522
1416445912.71275,pg_catalog,pg_namespace,pg_namespace_nspname_index,17710,11337,11337,131,23952
1416445912.71275,pg_catalog,pg_conversion,pg_conversion_oid_index,0,0,0,0,0
1416445912.71275,pg_catalog,pg_conversion,pg_conversion_name_nsp_index,0,0,0,0,0
1416445912.71275,pg_catalog,pg_conversion,pg_conversion_default_index,0,0,0,0,0
1416445912.71275,pg_catalog,pg_db_role_setting,pg_db_role_setting_databaseid_rol_index,26652,0,0,57,26595
1416445912.71275,pg_catalog,pg_tablespace,pg_tablespace_spcname_index,0,0,0,13,13
1416445912.71275,pg_catalog,pg_tablespace,pg_tablespace_oid_index,4528,4528,4528,198,8858
1416445912.71275,pg_catalog,pg_pltemplate,pg_pltemplate_name_index,0,0,0,0,0
1416445912.71275,pg_catalog,pg_auth_members,pg_auth_members_member_role_index,0,0,0,0,0
1416445912.71275,pg_catalog,pg_auth_members,pg_auth_members_role_member_index,0,0,0,0,0
1416445912.71275,pg_catalog,pg_shdepend,pg_shdepend_reference_index,223,223,223,204,232
1416445912.71275,pg_catalog,pg_shdepend,pg_shdepend_depender_index,909,0,0,205,907
1416445912.71275,pg_catalog,pg_shdescription,pg_shdescription_o_c_index,0,0,0,0,0
1416445912.71275,pg_catalog,pg_ts_config,pg_ts_config_oid_index,0,0,0,0,0
1416445912.71275,pg_catalog,pg_ts_config,pg_ts_config_cfgname_index,0,0,0,0,0
1416445912.71275,pg_catalog,pg_ts_config_map,pg_ts_config_map_index,0,0,0,0,0
1416445912.71275,pg_catalog,pg_ts_dict,pg_ts_dict_oid_index,0,0,0,0,0
1416445912.71275,pg_catalog,pg_ts_dict,pg_ts_dict_dictname_index,0,0,0,0,0
1416445912.71275,pg_catalog,pg_ts_parser,pg_ts_parser_oid_index,0,0,0,0,0
1416445912.71275,pg_catalog,pg_ts_parser,pg_ts_parser_prsname_index,0,0,0,0,0
1416445912.71275,pg_catalog,pg_ts_template,pg_ts_template_oid_index,0,0,0,0,0
1416445912.71275,pg_catalog,pg_ts_template,pg_ts_template_tmplname_index,0,0,0,0,0
1416445912.71275,pg_catalog,pg_extension,pg_extension_name_index,0,0,0,0,0
1416445912.71275,pg_catalog,pg_extension,pg_extension_oid_index,0,0,0,0,0
1416445912.71275,pg_catalog,pg_foreign_data_wrapper,pg_foreign_data_wrapper_name_index,0,0,0,0,0
1416445912.71275,pg_catalog,pg_foreign_data_wrapper,pg_foreign_data_wrapper_oid_index,0,0,0,0,0
1416445912.71275,pg_catalog,pg_foreign_server,pg_foreign_server_name_index,0,0,0,0,0
1416445912.71275,pg_catalog,pg_foreign_server,pg_foreign_server_oid_index,0,0,0,0,0
1416445912.71275,pg_catalog,pg_foreign_table,pg_foreign_table_relid_index,0,0,0,0,0
1416445912.71275,pg_catalog,pg_rowsecurity,pg_rowsecurity_polname_relid_index,0,0,0,0,0
1416445912.71275,pg_catalog,pg_rowsecurity,pg_rowsecurity_oid_index,0,0,0,0,0
1416445912.71275,pg_catalog,pg_default_acl,pg_default_acl_oid_index,0,0,0,0,0
1416445912.71275,pg_catalog,pg_default_acl,pg_default_acl_role_nsp_obj_index,848,0,0,89,759
1416445912.71275,pg_catalog,pg_seclabel,pg_seclabel_object_index,908,0,0,98,810
1416445912.71275,pg_catalog,pg_shseclabel,pg_shseclabel_object_index,0,0,0,0,0
1416445912.71275,pg_catalog,pg_collation,pg_collation_oid_index,0,0,0,0,0
1416445912.71275,pg_catalog,pg_collation,pg_collation_name_enc_nsp_index,0,0,0,0,0
1416445912.71275,pg_catalog,pg_range,pg_range_rngtypid_index,1516,0,0,489,2543
1416445912.71275,pg_toast,pg_toast_12698,pg_toast_12698_index,0,0,0,0,0
1416445912.71275,pg_toast,pg_toast_12703,pg_toast_12703_index,0,0,0,0,0
1416445912.71275,pg_toast,pg_toast_12708,pg_toast_12708_index,0,0,0,0,0
1416445912.71275,pg_toast,pg_toast_12713,pg_toast_12713_index,0,0,0,0,0
1416445912.71275,pg_toast,pg_toast_12718,pg_toast_12718_index,0,0,0,0,0
1416445912.71275,pg_toast,pg_toast_12723,pg_toast_12723_index,0,0,0,0,0
1416445912.71275,pg_catalog,pg_class,pg_class_tblspc_relfilenode_index,0,0,0,345,1234
1416445912.71275,pg_catalog,pg_class,pg_class_relname_nsp_index,24332,12709,12472,568,55274
1416445912.71275,pg_catalog,pg_class,pg_class_oid_index,134788,134393,133640,390,276859
1416445912.71275,public,supplier,supplier_s_nationkey_s_suppkey_brin_idx,0,0,0,0,3
1416445912.71275,public,supplier,pk_supplier,0,0,0,275,0
1416445912.71275,public,supplier,supplier_s_suppkey_idx_like,0,0,0,1,0
1416445912.71275,pg_catalog,pg_operator,pg_operator_oprname_l_r_n_index,22678,228614,228614,509,49566
1416445912.71275,pg_catalog,pg_operator,pg_operator_oid_index,26142,26142,26142,428,56530
1416445912.71275,pg_catalog,pg_enum,pg_enum_typid_sortorder_index,0,0,0,0,0
1416445912.71275,pg_catalog,pg_enum,pg_enum_typid_label_index,0,0,0,0,0
1416445912.71275,pg_catalog,pg_enum,pg_enum_oid_index,0,0,0,0,0
1416445912.71275,pg_catalog,pg_depend,pg_depend_reference_index,6755,7322,6192,1476,15739
1416445912.71275,pg_catalog,pg_depend,pg_depend_depender_index,1919,3088,3088,782,6767
1416445912.71275,pg_toast,pg_toast_12693,pg_toast_12693_index,0,0,0,0,0
1416445912.71275,public,part,part_p_type_p_partkey_idx,0,0,0,11519,0
1416445912.71275,public,part,part_p_name_idx,0,0,0,13604,0
1416445912.71275,public,part,part_p_container_p_brand_p_partkey_idx,0,0,0,12144,0
1416445912.71275,public,part,part_p_size_brin_idx,0,0,0,0,3
1416445912.71275,public,part,pk_part,0,0,0,5486,0
1416445912.71275,public,nation,pk_nation,0,0,0,1,0
1416445912.71275,public,partsupp,pk_partsupp,0,0,0,21936,0
1416445912.71275,public,partsupp,partsupp_ps_suppkey_idx,0,0,0,0,6
1416445912.71275,public,region,pk_region,0,0,0,1,0
1416445972.7139,pg_catalog,pg_statistic,pg_statistic_relid_att_inh_index,33992,32527,32517,360,73649
1416445972.7139,pg_catalog,pg_type,pg_type_typname_nsp_index,3938,3051,2821,1017,9545
1416445972.7139,pg_catalog,pg_type,pg_type_oid_index,147190,146771,146771,333,301336
1416445972.7139,pg_toast,pg_toast_2619,pg_toast_2619_index,23331,79898,79898,316,27437
1416445972.7139,pg_toast,pg_toast_1255,pg_toast_1255_index,0,0,0,0,0
1416445972.7139,pg_toast,pg_toast_2604,pg_toast_2604_index,0,0,0,0,0
1416445972.7139,pg_toast,pg_toast_2606,pg_toast_2606_index,0,0,0,0,0
1416445972.7139,pg_toast,pg_toast_2618,pg_toast_2618_index,691,2206,2206,131,985
1416445972.7139,pg_toast,pg_toast_2620,pg_toast_2620_index,0,0,0,0,0
1416445972.7139,pg_toast,pg_toast_2609,pg_toast_2609_index,0,0,0,0,0
1416445972.7139,pg_toast,pg_toast_2964,pg_toast_2964_index,0,0,0,0,0
1416445972.7139,pg_toast,pg_toast_2396,pg_toast_2396_index,0,0,0,0,0
1416445972.7139,pg_toast,pg_toast_3596,pg_toast_3596_index,0,0,0,0,0
1416445972.7139,public,customer,pk_customer,0,0,0,4115,0
1416445972.7139,public,customer,customer_c_nationkey_c_custkey_brin_idx,0,0,0,0,3
1416445972.7139,public,customer,customer_c_mktsegment_c_custkey_idx,0,0,0,5778,0
1416445972.7139,public,customer,customer_c_phone_idx_c_acctbal,0,0,0,3741,0
1416445972.7139,public,customer,customer_c_phone_idx,0,0,0,4115,0
1416445972.7139,pg_catalog,pg_authid,pg_authid_oid_index,6448,6448,6448,136,12760
1416445972.7139,pg_catalog,pg_authid,pg_authid_rolname_index,6410,6410,6410,136,12684
1416445972.7139,pg_catalog,pg_largeobject,pg_largeobject_loid_pn_index,0,0,0,0,0
1416445972.7139,pg_catalog,pg_user_mapping,pg_user_mapping_user_server_index,0,0,0,0,0
1416445972.7139,pg_catalog,pg_user_mapping,pg_user_mapping_oid_index,0,0,0,0,0
1416445972.7139,pg_catalog,pg_attribute,pg_attribute_relid_attnum_index,128792,290337,290164,819,267933
1416445972.7139,pg_catalog,pg_attribute,pg_attribute_relid_attnam_index,250,250,250,337,3721
1416445972.7139,pg_catalog,pg_proc,pg_proc_proname_args_nsp_index,7689,34758,34758,1253,20069
1416445972.7139,pg_catalog,pg_proc,pg_proc_oid_index,47787,47787,47787,838,100841
1416445972.7139,pg_catalog,pg_attrdef,pg_attrdef_oid_index,0,0,0,0,0
1416445972.7139,pg_catalog,pg_attrdef,pg_attrdef_adrelid_adnum_index,0,0,0,0,0
1416445972.7139,pg_catalog,pg_constraint,pg_constraint_oid_index,71,32,32,10,171
1416445972.7139,pg_catalog,pg_constraint,pg_constraint_contypid_index,0,0,0,10,68
1416445972.7139,pg_catalog,pg_constraint,pg_constraint_conrelid_index,0,0,0,10,68
1416445972.7139,pg_catalog,pg_constraint,pg_constraint_conname_nsp_index,0,0,0,10,68
1416445972.7139,pg_catalog,pg_inherits,pg_inherits_parent_index,0,0,0,0,0
1416445972.7139,pg_catalog,pg_inherits,pg_inherits_relid_seqno_index,202,0,0,107,95
1416445972.7139,pg_catalog,pg_index,pg_index_indexrelid_index,53848,54098,53848,123,60452
1416445972.7139,pg_catalog,pg_index,pg_index_indrelid_index,14793,44932,44932,300,18211
1416445972.7139,pg_catalog,pg_opfamily,pg_opfamily_oid_index,0,0,0,0,0
1416445972.7139,pg_catalog,pg_opfamily,pg_opfamily_am_name_nsp_index,0,0,0,0,0
1416445972.7139,pg_catalog,pg_opclass,pg_opclass_oid_index,32128,32128,32128,125,38540
1416445972.7139,pg_catalog,pg_opclass,pg_opclass_am_name_nsp_index,9687,403198,403198,376,12049
1416445972.7139,pg_catalog,pg_am,pg_am_oid_index,0,0,0,0,0
1416445972.7139,pg_catalog,pg_am,pg_am_name_index,0,0,0,0,0
1416445972.7139,pg_catalog,pg_amop,pg_amop_oid_index,0,0,0,0,0
1416445972.7139,pg_catalog,pg_amop,pg_amop_opr_fam_index,22871,62978,62978,451,49762
1416445972.7139,pg_catalog,pg_amop,pg_amop_fam_strat_index,30168,30168,30168,395,63004
1416445972.7139,pg_catalog,pg_amproc,pg_amproc_oid_index,0,0,0,0,0
1416445972.7139,pg_catalog,pg_amproc,pg_amproc_fam_proc_index,31207,91835,91835,274,68677
1416445972.7139,pg_catalog,pg_language,pg_language_oid_index,0,0,0,0,0
1416445972.7139,pg_catalog,pg_language,pg_language_name_index,0,0,0,0,0
1416445972.7139,pg_catalog,pg_largeobject_metadata,pg_largeobject_metadata_oid_index,0,0,0,0,0
1416445972.7139,pg_catalog,pg_aggregate,pg_aggregate_fnoid_index,3373,3373,3373,506,5376
1416445972.7139,pg_catalog,pg_rewrite,pg_rewrite_rel_rulename_index,1281,1173,1065,226,1966
1416445972.7139,pg_catalog,pg_rewrite,pg_rewrite_oid_index,324,216,216,152,392
1416445972.7139,pg_catalog,pg_trigger,pg_trigger_oid_index,0,0,0,0,0
1416445972.7139,pg_catalog,pg_trigger,pg_trigger_tgrelid_tgname_index,0,0,0,0,0
1416445972.7139,pg_catalog,pg_trigger,pg_trigger_tgconstraint_index,0,0,0,0,0
1416445972.7139,pg_catalog,pg_event_trigger,pg_event_trigger_oid_index,0,0,0,0,0
1416445972.7139,pg_catalog,pg_event_trigger,pg_event_trigger_evtname_index,394,0,0,102,292
1416445972.7139,pg_catalog,pg_description,pg_description_o_c_o_index,908,0,0,303,1715
1416445972.7139,pg_catalog,pg_cast,pg_cast_source_target_index,212842,50637,50637,133,218858
1416445972.7139,pg_catalog,pg_cast,pg_cast_oid_index,0,0,0,0,0
1416445972.7139,pg_catalog,pg_database,pg_database_oid_index,8433,8432,8432,131,14977
1416445972.7139,pg_catalog,pg_database,pg_database_datname_index,13077,13076,13076,128,19607
1416445972.7139,pg_catalog,pg_namespace,pg_namespace_oid_index,14374,14364,14364,237,14658
1416445972.7139,pg_catalog,pg_namespace,pg_namespace_nspname_index,17735,11352,11352,131,23987
1416445972.7139,pg_catalog,pg_conversion,pg_conversion_oid_index,0,0,0,0,0
1416445972.7139,pg_catalog,pg_conversion,pg_conversion_name_nsp_index,0,0,0,0,0
1416445972.7139,pg_catalog,pg_conversion,pg_conversion_default_index,0,0,0,0,0
1416445972.7139,pg_catalog,pg_db_role_setting,pg_db_role_setting_databaseid_rol_index,26696,0,0,57,26639
1416445972.7139,pg_catalog,pg_tablespace,pg_tablespace_spcname_index,0,0,0,13,13
1416445972.7139,pg_catalog,pg_tablespace,pg_tablespace_oid_index,4533,4533,4533,198,8868
1416445972.7139,pg_catalog,pg_pltemplate,pg_pltemplate_name_index,0,0,0,0,0
1416445972.7139,pg_catalog,pg_auth_members,pg_auth_members_member_role_index,0,0,0,0,0
1416445972.7139,pg_catalog,pg_auth_members,pg_auth_members_role_member_index,0,0,0,0,0
1416445972.7139,pg_catalog,pg_shdepend,pg_shdepend_reference_index,223,223,223,204,232
1416445972.7139,pg_catalog,pg_shdepend,pg_shdepend_depender_index,909,0,0,205,907
1416445972.7139,pg_catalog,pg_shdescription,pg_shdescription_o_c_index,0,0,0,0,0
1416445972.7139,pg_catalog,pg_ts_config,pg_ts_config_oid_index,0,0,0,0,0
1416445972.7139,pg_catalog,pg_ts_config,pg_ts_config_cfgname_index,0,0,0,0,0
1416445972.7139,pg_catalog,pg_ts_config_map,pg_ts_config_map_index,0,0,0,0,0
1416445972.7139,pg_catalog,pg_ts_dict,pg_ts_dict_oid_index,0,0,0,0,0
1416445972.7139,pg_catalog,pg_ts_dict,pg_ts_dict_dictname_index,0,0,0,0,0
1416445972.7139,pg_catalog,pg_ts_parser,pg_ts_parser_oid_index,0,0,0,0,0
1416445972.7139,pg_catalog,pg_ts_parser,pg_ts_parser_prsname_index,0,0,0,0,0
1416445972.7139,pg_catalog,pg_ts_template,pg_ts_template_oid_index,0,0,0,0,0
1416445972.7139,pg_catalog,pg_ts_template,pg_ts_template_tmplname_index,0,0,0,0,0
1416445972.7139,pg_catalog,pg_extension,pg_extension_name_index,0,0,0,0,0
1416445972.7139,pg_catalog,pg_extension,pg_extension_oid_index,0,0,0,0,0
1416445972.7139,pg_catalog,pg_foreign_data_wrapper,pg_foreign_data_wrapper_name_index,0,0,0,0,0
1416445972.7139,pg_catalog,pg_foreign_data_wrapper,pg_foreign_data_wrapper_oid_index,0,0,0,0,0
1416445972.7139,pg_catalog,pg_foreign_server,pg_foreign_server_name_index,0,0,0,0,0
1416445972.7139,pg_catalog,pg_foreign_server,pg_foreign_server_oid_index,0,0,0,0,0
1416445972.7139,pg_catalog,pg_foreign_table,pg_foreign_table_relid_index,0,0,0,0,0
1416445972.7139,pg_catalog,pg_rowsecurity,pg_rowsecurity_polname_relid_index,0,0,0,0,0
1416445972.7139,pg_catalog,pg_rowsecurity,pg_rowsecurity_oid_index,0,0,0,0,0
1416445972.7139,pg_catalog,pg_default_acl,pg_default_acl_oid_index,0,0,0,0,0
1416445972.7139,pg_catalog,pg_default_acl,pg_default_acl_role_nsp_obj_index,848,0,0,89,759
1416445972.7139,pg_catalog,pg_seclabel,pg_seclabel_object_index,908,0,0,98,810
1416445972.7139,pg_catalog,pg_shseclabel,pg_shseclabel_object_index,0,0,0,0,0
1416445972.7139,pg_catalog,pg_collation,pg_collation_oid_index,0,0,0,0,0
1416445972.7139,pg_catalog,pg_collation,pg_collation_name_enc_nsp_index,0,0,0,0,0
1416445972.7139,pg_catalog,pg_range,pg_range_rngtypid_index,1516,0,0,489,2543
1416445972.7139,pg_toast,pg_toast_12698,pg_toast_12698_index,0,0,0,0,0
1416445972.7139,pg_toast,pg_toast_12703,pg_toast_12703_index,0,0,0,0,0
1416445972.7139,pg_toast,pg_toast_12708,pg_toast_12708_index,0,0,0,0,0
1416445972.7139,public,orders,pk_orders,0,0,0,41130,0
1416445972.7139,public,orders,orders_o_orderkey_o_orderdate_brin_idx,0,0,0,0,12
1416445972.7139,public,orders,orders_o_orderdate_o_orderkey_brin_idx,0,0,0,0,12
1416445972.7139,pg_toast,pg_toast_12713,pg_toast_12713_index,0,0,0,0,0
1416445972.7139,pg_toast,pg_toast_12718,pg_toast_12718_index,0,0,0,0,0
1416445972.7139,pg_toast,pg_toast_12723,pg_toast_12723_index,0,0,0,0,0
1416445972.7139,pg_catalog,pg_class,pg_class_tblspc_relfilenode_index,0,0,0,345,1246
1416445972.7139,pg_catalog,pg_class,pg_class_relname_nsp_index,24355,12727,12487,568,55336
1416445972.7139,pg_catalog,pg_class,pg_class_oid_index,135172,134774,134021,390,277645
1416445972.7139,public,supplier,supplier_s_nationkey_s_suppkey_brin_idx,0,0,0,0,3
1416445972.7139,public,supplier,pk_supplier,0,0,0,275,0
1416445972.7139,public,supplier,supplier_s_suppkey_idx_like,0,0,0,1,0
1416445972.7139,pg_catalog,pg_operator,pg_operator_oprname_l_r_n_index,22681,228617,228617,509,49575
1416445972.7139,pg_catalog,pg_operator,pg_operator_oid_index,26161,26161,26161,428,56574
1416445972.7139,pg_catalog,pg_enum,pg_enum_typid_sortorder_index,0,0,0,0,0
1416445972.7139,pg_catalog,pg_enum,pg_enum_typid_label_index,0,0,0,0,0
1416445972.7139,pg_catalog,pg_enum,pg_enum_oid_index,0,0,0,0,0
1416445972.7139,pg_catalog,pg_depend,pg_depend_reference_index,6766,7332,6202,1476,15776
1416445972.7139,pg_catalog,pg_depend,pg_depend_depender_index,1919,3088,3088,782,6782
1416445972.7139,pg_toast,pg_toast_12693,pg_toast_12693_index,0,0,0,0,0
1416445972.7139,public,part,part_p_type_p_partkey_idx,0,0,0,11519,0
1416445972.7139,public,part,part_p_name_idx,0,0,0,13604,0
1416445972.7139,public,part,part_p_container_p_brand_p_partkey_idx,0,0,0,12144,0
1416445972.7139,public,part,part_p_size_brin_idx,0,0,0,0,3
1416445972.7139,public,part,pk_part,0,0,0,5486,0
1416445972.7139,public,nation,pk_nation,0,0,0,1,0
1416445972.7139,public,partsupp,pk_partsupp,0,0,0,21936,0
1416445972.7139,public,partsupp,partsupp_ps_suppkey_idx,0,0,0,0,6
1416445972.7139,public,region,pk_region,0,0,0,1,0
1416446032.71651,pg_catalog,pg_statistic,pg_statistic_relid_att_inh_index,34017,32546,32536,360,73704
1416446032.71651,pg_catalog,pg_type,pg_type_typname_nsp_index,3938,3051,2821,1017,9545
1416446032.71651,pg_catalog,pg_type,pg_type_oid_index,147282,146863,146863,333,301525
1416446032.71651,pg_toast,pg_toast_2619,pg_toast_2619_index,23334,79904,79904,316,27446
1416446032.71651,pg_toast,pg_toast_1255,pg_toast_1255_index,0,0,0,0,0
1416446032.71651,pg_toast,pg_toast_2604,pg_toast_2604_index,0,0,0,0,0
1416446032.71651,pg_toast,pg_toast_2606,pg_toast_2606_index,0,0,0,0,0
1416446032.71651,pg_toast,pg_toast_2618,pg_toast_2618_index,696,2222,2222,131,993
1416446032.71651,pg_toast,pg_toast_2620,pg_toast_2620_index,0,0,0,0,0
1416446032.71651,pg_toast,pg_toast_2609,pg_toast_2609_index,0,0,0,0,0
1416446032.71651,pg_toast,pg_toast_2964,pg_toast_2964_index,0,0,0,0,0
1416446032.71651,pg_toast,pg_toast_2396,pg_toast_2396_index,0,0,0,0,0
1416446032.71651,pg_toast,pg_toast_3596,pg_toast_3596_index,0,0,0,0,0
1416446032.71651,public,customer,pk_customer,0,0,0,4115,0
1416446032.71651,public,customer,customer_c_nationkey_c_custkey_brin_idx,0,0,0,0,3
1416446032.71651,public,customer,customer_c_mktsegment_c_custkey_idx,0,0,0,5778,0
1416446032.71651,public,customer,customer_c_phone_idx_c_acctbal,0,0,0,3741,0
1416446032.71651,public,customer,customer_c_phone_idx,0,0,0,4115,0
1416446032.71651,pg_catalog,pg_authid,pg_authid_oid_index,6453,6453,6453,136,12770
1416446032.71651,pg_catalog,pg_authid,pg_authid_rolname_index,6415,6415,6415,136,12694
1416446032.71651,pg_catalog,pg_largeobject,pg_largeobject_loid_pn_index,0,0,0,0,0
1416446032.71651,pg_catalog,pg_user_mapping,pg_user_mapping_user_server_index,0,0,0,0,0
1416446032.71651,pg_catalog,pg_user_mapping,pg_user_mapping_oid_index,0,0,0,0,0
1416446032.71651,pg_catalog,pg_attribute,pg_attribute_relid_attnum_index,128998,290675,290502,819,268353
1416446032.71651,pg_catalog,pg_attribute,pg_attribute_relid_attnam_index,250,250,250,337,3721
1416446032.71651,pg_catalog,pg_proc,pg_proc_proname_args_nsp_index,7699,34803,34803,1253,20094
1416446032.71651,pg_catalog,pg_proc,pg_proc_oid_index,47855,47855,47855,838,100982
1416446032.71651,pg_catalog,pg_attrdef,pg_attrdef_oid_index,0,0,0,0,0
1416446032.71651,pg_catalog,pg_attrdef,pg_attrdef_adrelid_adnum_index,0,0,0,0,0
1416446032.71651,pg_catalog,pg_constraint,pg_constraint_oid_index,71,32,32,10,171
1416446032.71651,pg_catalog,pg_constraint,pg_constraint_contypid_index,0,0,0,10,68
1416446032.71651,pg_catalog,pg_constraint,pg_constraint_conrelid_index,0,0,0,10,68
1416446032.71651,pg_catalog,pg_constraint,pg_constraint_conname_nsp_index,0,0,0,10,68
1416446032.71651,pg_catalog,pg_inherits,pg_inherits_parent_index,0,0,0,0,0
1416446032.71651,pg_catalog,pg_inherits,pg_inherits_relid_seqno_index,202,0,0,107,95
1416446032.71651,pg_catalog,pg_index,pg_index_indexrelid_index,53876,54126,53876,123,60486
1416446032.71651,pg_catalog,pg_index,pg_index_indrelid_index,14809,44961,44961,300,18232
1416446032.71651,pg_catalog,pg_opfamily,pg_opfamily_oid_index,0,0,0,0,0
1416446032.71651,pg_catalog,pg_opfamily,pg_opfamily_am_name_nsp_index,0,0,0,0,0
1416446032.71651,pg_catalog,pg_opclass,pg_opclass_oid_index,32142,32142,32142,125,38560
1416446032.71651,pg_catalog,pg_opclass,pg_opclass_am_name_nsp_index,9691,403369,403369,376,12056
1416446032.71651,pg_catalog,pg_am,pg_am_oid_index,0,0,0,0,0
1416446032.71651,pg_catalog,pg_am,pg_am_name_index,0,0,0,0,0
1416446032.71651,pg_catalog,pg_amop,pg_amop_oid_index,0,0,0,0,0
1416446032.71651,pg_catalog,pg_amop,pg_amop_opr_fam_index,22883,63009,63009,451,49790
1416446032.71651,pg_catalog,pg_amop,pg_amop_fam_strat_index,30189,30189,30189,395,63050
1416446032.71651,pg_catalog,pg_amproc,pg_amproc_oid_index,0,0,0,0,0
1416446032.71651,pg_catalog,pg_amproc,pg_amproc_fam_proc_index,31224,91862,91862,274,68717
1416446032.71651,pg_catalog,pg_language,pg_language_oid_index,0,0,0,0,0
1416446032.71651,pg_catalog,pg_language,pg_language_name_index,0,0,0,0,0
1416446032.71651,pg_catalog,pg_largeobject_metadata,pg_largeobject_metadata_oid_index,0,0,0,0,0
1416446032.71651,pg_catalog,pg_aggregate,pg_aggregate_fnoid_index,3374,3374,3374,506,5378
1416446032.71651,pg_catalog,pg_rewrite,pg_rewrite_rel_rulename_index,1288,1180,1072,226,1978
1416446032.71651,pg_catalog,pg_rewrite,pg_rewrite_oid_index,324,216,216,152,392
1416446032.71651,pg_catalog,pg_trigger,pg_trigger_oid_index,0,0,0,0,0
1416446032.71651,pg_catalog,pg_trigger,pg_trigger_tgrelid_tgname_index,0,0,0,0,0
1416446032.71651,pg_catalog,pg_trigger,pg_trigger_tgconstraint_index,0,0,0,0,0
1416446032.71651,pg_catalog,pg_event_trigger,pg_event_trigger_oid_index,0,0,0,0,0
1416446032.71651,pg_catalog,pg_event_trigger,pg_event_trigger_evtname_index,394,0,0,102,292
1416446032.71651,pg_catalog,pg_description,pg_description_o_c_o_index,908,0,0,303,1715
1416446032.71651,pg_catalog,pg_cast,pg_cast_source_target_index,212911,50665,50665,133,218932
1416446032.71651,pg_catalog,pg_cast,pg_cast_oid_index,0,0,0,0,0
1416446032.71651,pg_catalog,pg_database,pg_database_oid_index,8450,8449,8449,131,15001
1416446032.71651,pg_catalog,pg_database,pg_database_datname_index,13089,13088,13088,128,19626
1416446032.71651,pg_catalog,pg_namespace,pg_namespace_oid_index,14509,14499,14499,237,14795
1416446032.71651,pg_catalog,pg_namespace,pg_namespace_nspname_index,17750,11362,11362,131,24007
1416446032.71651,pg_catalog,pg_conversion,pg_conversion_oid_index,0,0,0,0,0
1416446032.71651,pg_catalog,pg_conversion,pg_conversion_name_nsp_index,0,0,0,0,0
1416446032.71651,pg_catalog,pg_conversion,pg_conversion_default_index,0,0,0,0,0
1416446032.71651,pg_catalog,pg_db_role_setting,pg_db_role_setting_databaseid_rol_index,26724,0,0,57,26667
1416446032.71651,pg_catalog,pg_tablespace,pg_tablespace_spcname_index,0,0,0,13,13
1416446032.71651,pg_catalog,pg_tablespace,pg_tablespace_oid_index,4538,4538,4538,198,8878
1416446032.71651,pg_catalog,pg_pltemplate,pg_pltemplate_name_index,0,0,0,0,0
1416446032.71651,pg_catalog,pg_auth_members,pg_auth_members_member_role_index,0,0,0,0,0
1416446032.71651,pg_catalog,pg_auth_members,pg_auth_members_role_member_index,0,0,0,0,0
1416446032.71651,pg_catalog,pg_shdepend,pg_shdepend_reference_index,223,223,223,204,232
1416446032.71651,pg_catalog,pg_shdepend,pg_shdepend_depender_index,909,0,0,205,907
1416446032.71651,pg_catalog,pg_shdescription,pg_shdescription_o_c_index,0,0,0,0,0
1416446032.71651,pg_catalog,pg_ts_config,pg_ts_config_oid_index,0,0,0,0,0
1416446032.71651,pg_catalog,pg_ts_config,pg_ts_config_cfgname_index,0,0,0,0,0
1416446032.71651,pg_catalog,pg_ts_config_map,pg_ts_config_map_index,0,0,0,0,0
1416446032.71651,pg_catalog,pg_ts_dict,pg_ts_dict_oid_index,0,0,0,0,0
1416446032.71651,pg_catalog,pg_ts_dict,pg_ts_dict_dictname_index,0,0,0,0,0
1416446032.71651,pg_catalog,pg_ts_parser,pg_ts_parser_oid_index,0,0,0,0,0
1416446032.71651,pg_catalog,pg_ts_parser,pg_ts_parser_prsname_index,0,0,0,0,0
1416446032.71651,pg_catalog,pg_ts_template,pg_ts_template_oid_index,0,0,0,0,0
1416446032.71651,pg_catalog,pg_ts_template,pg_ts_template_tmplname_index,0,0,0,0,0
1416446032.71651,pg_catalog,pg_extension,pg_extension_name_index,0,0,0,0,0
1416446032.71651,pg_catalog,pg_extension,pg_extension_oid_index,0,0,0,0,0
1416446032.71651,pg_catalog,pg_foreign_data_wrapper,pg_foreign_data_wrapper_name_index,0,0,0,0,0
1416446032.71651,pg_catalog,pg_foreign_data_wrapper,pg_foreign_data_wrapper_oid_index,0,0,0,0,0
1416446032.71651,pg_catalog,pg_foreign_server,pg_foreign_server_name_index,0,0,0,0,0
1416446032.71651,pg_catalog,pg_foreign_server,pg_foreign_server_oid_index,0,0,0,0,0
1416446032.71651,pg_catalog,pg_foreign_table,pg_foreign_table_relid_index,0,0,0,0,0
1416446032.71651,pg_catalog,pg_rowsecurity,pg_rowsecurity_polname_relid_index,0,0,0,0,0
1416446032.71651,pg_catalog,pg_rowsecurity,pg_rowsecurity_oid_index,0,0,0,0,0
1416446032.71651,pg_catalog,pg_default_acl,pg_default_acl_oid_index,0,0,0,0,0
1416446032.71651,pg_catalog,pg_default_acl,pg_default_acl_role_nsp_obj_index,848,0,0,89,759
1416446032.71651,pg_catalog,pg_seclabel,pg_seclabel_object_index,908,0,0,98,810
1416446032.71651,pg_catalog,pg_shseclabel,pg_shseclabel_object_index,0,0,0,0,0
1416446032.71651,pg_catalog,pg_collation,pg_collation_oid_index,0,0,0,0,0
1416446032.71651,pg_catalog,pg_collation,pg_collation_name_enc_nsp_index,0,0,0,0,0
1416446032.71651,pg_catalog,pg_range,pg_range_rngtypid_index,1516,0,0,489,2543
1416446032.71651,pg_toast,pg_toast_12698,pg_toast_12698_index,0,0,0,0,0
1416446032.71651,pg_toast,pg_toast_12703,pg_toast_12703_index,0,0,0,0,0
1416446032.71651,pg_toast,pg_toast_12708,pg_toast_12708_index,0,0,0,0,0
1416446032.71651,public,orders,pk_orders,0,0,0,41130,0
1416446032.71651,public,orders,orders_o_orderkey_o_orderdate_brin_idx,0,0,0,0,12
1416446032.71651,public,orders,orders_o_orderdate_o_orderkey_brin_idx,0,0,0,0,12
1416446032.71651,pg_toast,pg_toast_12713,pg_toast_12713_index,0,0,0,0,0
1416446032.71651,pg_toast,pg_toast_12718,pg_toast_12718_index,0,0,0,0,0
1416446032.71651,pg_toast,pg_toast_12723,pg_toast_12723_index,0,0,0,0,0
1416446032.71651,pg_catalog,pg_class,pg_class_tblspc_relfilenode_index,0,0,0,345,1249
1416446032.71651,pg_catalog,pg_class,pg_class_relname_nsp_index,24363,12735,12495,568,55357
1416446032.71651,pg_catalog,pg_class,pg_class_oid_index,135498,135100,134347,390,278305
1416446032.71651,public,supplier,supplier_s_nationkey_s_suppkey_brin_idx,0,0,0,0,3
1416446032.71651,public,supplier,pk_supplier,0,0,0,275,0
1416446032.71651,public,supplier,supplier_s_suppkey_idx_like,0,0,0,1,0
1416446032.71651,pg_catalog,pg_operator,pg_operator_oprname_l_r_n_index,22684,228620,228620,509,49584
1416446032.71651,pg_catalog,pg_operator,pg_operator_oid_index,26175,26175,26175,428,56607
1416446032.71651,pg_catalog,pg_enum,pg_enum_typid_sortorder_index,0,0,0,0,0
1416446032.71651,pg_catalog,pg_enum,pg_enum_typid_label_index,0,0,0,0,0
1416446032.71651,pg_catalog,pg_enum,pg_enum_oid_index,0,0,0,0,0
1416446032.71651,pg_catalog,pg_depend,pg_depend_reference_index,6766,7332,6202,1476,15776
1416446032.71651,pg_catalog,pg_depend,pg_depend_depender_index,1919,3088,3088,782,6782
1416446032.71651,pg_toast,pg_toast_12693,pg_toast_12693_index,0,0,0,0,0
1416446032.71651,public,part,part_p_type_p_partkey_idx,0,0,0,11519,0
1416446032.71651,public,part,part_p_name_idx,0,0,0,13604,0
1416446032.71651,public,part,part_p_container_p_brand_p_partkey_idx,0,0,0,12144,0
1416446032.71651,public,part,part_p_size_brin_idx,0,0,0,0,3
1416446032.71651,public,part,pk_part,0,0,0,5486,0
1416446032.71651,public,nation,pk_nation,0,0,0,1,0
1416446032.71651,public,partsupp,pk_partsupp,0,0,0,21936,0
1416446032.71651,public,partsupp,partsupp_ps_suppkey_idx,0,0,0,0,6
1416446032.71651,public,region,pk_region,0,0,0,1,0
1416446092.71988,pg_catalog,pg_statistic,pg_statistic_relid_att_inh_index,34042,32565,32555,360,73759
1416446092.71988,pg_catalog,pg_type,pg_type_typname_nsp_index,3938,3051,2821,1017,9545
1416446092.71988,pg_catalog,pg_type,pg_type_oid_index,147374,146955,146955,333,301714
1416446092.71988,pg_toast,pg_toast_2619,pg_toast_2619_index,23337,79910,79910,316,27455
1416446092.71988,pg_toast,pg_toast_1255,pg_toast_1255_index,0,0,0,0,0
1416446092.71988,pg_toast,pg_toast_2604,pg_toast_2604_index,0,0,0,0,0
1416446092.71988,pg_toast,pg_toast_2606,pg_toast_2606_index,0,0,0,0,0
1416446092.71988,pg_toast,pg_toast_2618,pg_toast_2618_index,701,2238,2238,131,1001
1416446092.71988,pg_toast,pg_toast_2620,pg_toast_2620_index,0,0,0,0,0
1416446092.71988,pg_toast,pg_toast_2609,pg_toast_2609_index,0,0,0,0,0
1416446092.71988,pg_toast,pg_toast_2964,pg_toast_2964_index,0,0,0,0,0
1416446092.71988,pg_toast,pg_toast_2396,pg_toast_2396_index,0,0,0,0,0
1416446092.71988,pg_toast,pg_toast_3596,pg_toast_3596_index,0,0,0,0,0
1416446092.71988,public,customer,pk_customer,0,0,0,4115,0
1416446092.71988,public,customer,customer_c_nationkey_c_custkey_brin_idx,0,0,0,0,3
1416446092.71988,public,customer,customer_c_mktsegment_c_custkey_idx,0,0,0,5778,0
1416446092.71988,public,customer,customer_c_phone_idx_c_acctbal,0,0,0,3741,0
1416446092.71988,public,customer,customer_c_phone_idx,0,0,0,4115,0
1416446092.71988,pg_catalog,pg_authid,pg_authid_oid_index,6458,6458,6458,136,12780
1416446092.71988,pg_catalog,pg_authid,pg_authid_rolname_index,6420,6420,6420,136,12704
1416446092.71988,pg_catalog,pg_largeobject,pg_largeobject_loid_pn_index,0,0,0,0,0
1416446092.71988,pg_catalog,pg_user_mapping,pg_user_mapping_user_server_index,0,0,0,0,0
1416446092.71988,pg_catalog,pg_user_mapping,pg_user_mapping_oid_index,0,0,0,0,0
1416446092.71988,pg_catalog,pg_attribute,pg_attribute_relid_attnum_index,129204,291013,290840,819,268773
1416446092.71988,pg_catalog,pg_attribute,pg_attribute_relid_attnam_index,250,250,250,337,3721
1416446092.71988,pg_catalog,pg_proc,pg_proc_proname_args_nsp_index,7709,34848,34848,1253,20119
1416446092.71988,pg_catalog,pg_proc,pg_proc_oid_index,47923,47923,47923,838,101123
1416446092.71988,pg_catalog,pg_attrdef,pg_attrdef_oid_index,0,0,0,0,0
1416446092.71988,pg_catalog,pg_attrdef,pg_attrdef_adrelid_adnum_index,0,0,0,0,0
1416446092.71988,pg_catalog,pg_constraint,pg_constraint_oid_index,71,32,32,10,171
1416446092.71988,pg_catalog,pg_constraint,pg_constraint_contypid_index,0,0,0,10,68
1416446092.71988,pg_catalog,pg_constraint,pg_constraint_conrelid_index,0,0,0,10,68
1416446092.71988,pg_catalog,pg_constraint,pg_constraint_conname_nsp_index,0,0,0,10,68
1416446092.71988,pg_catalog,pg_inherits,pg_inherits_parent_index,0,0,0,0,0
1416446092.71988,pg_catalog,pg_inherits,pg_inherits_relid_seqno_index,202,0,0,107,95
1416446092.71988,pg_catalog,pg_index,pg_index_indexrelid_index,53904,54154,53904,123,60520
1416446092.71988,pg_catalog,pg_index,pg_index_indrelid_index,14825,44990,44990,300,18253
1416446092.71988,pg_catalog,pg_opfamily,pg_opfamily_oid_index,0,0,0,0,0
1416446092.71988,pg_catalog,pg_opfamily,pg_opfamily_am_name_nsp_index,0,0,0,0,0
1416446092.71988,pg_catalog,pg_opclass,pg_opclass_oid_index,32156,32156,32156,125,38580
1416446092.71988,pg_catalog,pg_opclass,pg_opclass_am_name_nsp_index,9695,403540,403540,376,12063
1416446092.71988,pg_catalog,pg_am,pg_am_oid_index,0,0,0,0,0
1416446092.71988,pg_catalog,pg_am,pg_am_name_index,0,0,0,0,0
1416446092.71988,pg_catalog,pg_amop,pg_amop_oid_index,0,0,0,0,0
1416446092.71988,pg_catalog,pg_amop,pg_amop_opr_fam_index,22895,63040,63040,451,49818
1416446092.71988,pg_catalog,pg_amop,pg_amop_fam_strat_index,30210,30210,30210,395,63096
1416446092.71988,pg_catalog,pg_amproc,pg_amproc_oid_index,0,0,0,0,0
1416446092.71988,pg_catalog,pg_amproc,pg_amproc_fam_proc_index,31241,91889,91889,274,68757
1416446092.71988,pg_catalog,pg_language,pg_language_oid_index,0,0,0,0,0
1416446092.71988,pg_catalog,pg_language,pg_language_name_index,0,0,0,0,0
1416446092.71988,pg_catalog,pg_largeobject_metadata,pg_largeobject_metadata_oid_index,0,0,0,0,0
1416446092.71988,pg_catalog,pg_aggregate,pg_aggregate_fnoid_index,3375,3375,3375,506,5380
1416446092.71988,pg_catalog,pg_rewrite,pg_rewrite_rel_rulename_index,1295,1187,1079,226,1990
1416446092.71988,pg_catalog,pg_rewrite,pg_rewrite_oid_index,324,216,216,152,392
1416446092.71988,pg_catalog,pg_trigger,pg_trigger_oid_index,0,0,0,0,0
1416446092.71988,pg_catalog,pg_trigger,pg_trigger_tgrelid_tgname_index,0,0,0,0,0
1416446092.71988,pg_catalog,pg_trigger,pg_trigger_tgconstraint_index,0,0,0,0,0
1416446092.71988,pg_catalog,pg_event_trigger,pg_event_trigger_oid_index,0,0,0,0,0
1416446092.71988,pg_catalog,pg_event_trigger,pg_event_trigger_evtname_index,394,0,0,102,292
1416446092.71988,pg_catalog,pg_description,pg_description_o_c_o_index,908,0,0,303,1715
1416446092.71988,pg_catalog,pg_cast,pg_cast_source_target_index,212980,50693,50693,133,219006
1416446092.71988,pg_catalog,pg_cast,pg_cast_oid_index,0,0,0,0,0
1416446092.71988,pg_catalog,pg_database,pg_database_oid_index,8467,8466,8466,131,15025
1416446092.71988,pg_catalog,pg_database,pg_database_datname_index,13101,13100,13100,128,19645
1416446092.71988,pg_catalog,pg_namespace,pg_namespace_oid_index,14644,14634,14634,237,14932
1416446092.71988,pg_catalog,pg_namespace,pg_namespace_nspname_index,17765,11372,11372,131,24027
1416446092.71988,pg_catalog,pg_conversion,pg_conversion_oid_index,0,0,0,0,0
1416446092.71988,pg_catalog,pg_conversion,pg_conversion_name_nsp_index,0,0,0,0,0
1416446092.71988,pg_catalog,pg_conversion,pg_conversion_default_index,0,0,0,0,0
1416446092.71988,pg_catalog,pg_db_role_setting,pg_db_role_setting_databaseid_rol_index,26752,0,0,57,26695
1416446092.71988,pg_catalog,pg_tablespace,pg_tablespace_spcname_index,0,0,0,13,13
1416446092.71988,pg_catalog,pg_tablespace,pg_tablespace_oid_index,4543,4543,4543,198,8888
1416446092.71988,pg_catalog,pg_pltemplate,pg_pltemplate_name_index,0,0,0,0,0
1416446092.71988,pg_catalog,pg_auth_members,pg_auth_members_member_role_index,0,0,0,0,0
1416446092.71988,pg_catalog,pg_auth_members,pg_auth_members_role_member_index,0,0,0,0,0
1416446092.71988,pg_catalog,pg_shdepend,pg_shdepend_reference_index,223,223,223,204,232
1416446092.71988,pg_catalog,pg_shdepend,pg_shdepend_depender_index,909,0,0,205,907
1416446092.71988,pg_catalog,pg_shdescription,pg_shdescription_o_c_index,0,0,0,0,0
1416446092.71988,pg_catalog,pg_ts_config,pg_ts_config_oid_index,0,0,0,0,0
1416446092.71988,pg_catalog,pg_ts_config,pg_ts_config_cfgname_index,0,0,0,0,0
1416446092.71988,pg_catalog,pg_ts_config_map,pg_ts_config_map_index,0,0,0,0,0
1416446092.71988,pg_catalog,pg_ts_dict,pg_ts_dict_oid_index,0,0,0,0,0
1416446092.71988,pg_catalog,pg_ts_dict,pg_ts_dict_dictname_index,0,0,0,0,0
1416446092.71988,pg_catalog,pg_ts_parser,pg_ts_parser_oid_index,0,0,0,0,0
1416446092.71988,pg_catalog,pg_ts_parser,pg_ts_parser_prsname_index,0,0,0,0,0
1416446092.71988,pg_catalog,pg_ts_template,pg_ts_template_oid_index,0,0,0,0,0
1416446092.71988,pg_catalog,pg_ts_template,pg_ts_template_tmplname_index,0,0,0,0,0
1416446092.71988,pg_catalog,pg_extension,pg_extension_name_index,0,0,0,0,0
1416446092.71988,pg_catalog,pg_extension,pg_extension_oid_index,0,0,0,0,0
1416446092.71988,pg_catalog,pg_foreign_data_wrapper,pg_foreign_data_wrapper_name_index,0,0,0,0,0
1416446092.71988,pg_catalog,pg_foreign_data_wrapper,pg_foreign_data_wrapper_oid_index,0,0,0,0,0
1416446092.71988,pg_catalog,pg_foreign_server,pg_foreign_server_name_index,0,0,0,0,0
1416446092.71988,pg_catalog,pg_foreign_server,pg_foreign_server_oid_index,0,0,0,0,0
1416446092.71988,pg_catalog,pg_foreign_table,pg_foreign_table_relid_index,0,0,0,0,0
1416446092.71988,pg_catalog,pg_rowsecurity,pg_rowsecurity_polname_relid_index,0,0,0,0,0
1416446092.71988,pg_catalog,pg_rowsecurity,pg_rowsecurity_oid_index,0,0,0,0,0
1416446092.71988,pg_catalog,pg_default_acl,pg_default_acl_oid_index,0,0,0,0,0
1416446092.71988,pg_catalog,pg_default_acl,pg_default_acl_role_nsp_obj_index,848,0,0,89,759
1416446092.71988,pg_catalog,pg_seclabel,pg_seclabel_object_index,908,0,0,98,810
1416446092.71988,pg_catalog,pg_shseclabel,pg_shseclabel_object_index,0,0,0,0,0
1416446092.71988,pg_catalog,pg_collation,pg_collation_oid_index,0,0,0,0,0
1416446092.71988,pg_catalog,pg_collation,pg_collation_name_enc_nsp_index,0,0,0,0,0
1416446092.71988,pg_catalog,pg_range,pg_range_rngtypid_index,1516,0,0,489,2543
1416446092.71988,pg_toast,pg_toast_12698,pg_toast_12698_index,0,0,0,0,0
1416446092.71988,pg_toast,pg_toast_12703,pg_toast_12703_index,0,0,0,0,0
1416446092.71988,pg_toast,pg_toast_12708,pg_toast_12708_index,0,0,0,0,0
1416446092.71988,public,orders,pk_orders,0,0,0,41130,0
1416446092.71988,public,orders,orders_o_orderkey_o_orderdate_brin_idx,0,0,0,0,12
1416446092.71988,public,orders,orders_o_orderdate_o_orderkey_brin_idx,0,0,0,0,12
1416446092.71988,pg_toast,pg_toast_12713,pg_toast_12713_index,0,0,0,0,0
1416446092.71988,pg_toast,pg_toast_12718,pg_toast_12718_index,0,0,0,0,0
1416446092.71988,pg_toast,pg_toast_12723,pg_toast_12723_index,0,0,0,0,0
1416446092.71988,pg_catalog,pg_class,pg_class_tblspc_relfilenode_index,0,0,0,345,1252
1416446092.71988,pg_catalog,pg_class,pg_class_relname_nsp_index,24371,12743,12503,568,55378
1416446092.71988,pg_catalog,pg_class,pg_class_oid_index,135824,135426,134673,390,278965
1416446092.71988,public,supplier,supplier_s_nationkey_s_suppkey_brin_idx,0,0,0,0,3
1416446092.71988,public,supplier,pk_supplier,0,0,0,275,0
1416446092.71988,public,supplier,supplier_s_suppkey_idx_like,0,0,0,1,0
1416446092.71988,pg_catalog,pg_operator,pg_operator_oprname_l_r_n_index,22687,228623,228623,509,49593
1416446092.71988,pg_catalog,pg_operator,pg_operator_oid_index,26189,26189,26189,428,56640
1416446092.71988,pg_catalog,pg_enum,pg_enum_typid_sortorder_index,0,0,0,0,0
1416446092.71988,pg_catalog,pg_enum,pg_enum_typid_label_index,0,0,0,0,0
1416446092.71988,pg_catalog,pg_enum,pg_enum_oid_index,0,0,0,0,0
1416446092.71988,pg_catalog,pg_depend,pg_depend_reference_index,6766,7332,6202,1476,15776
1416446092.71988,pg_catalog,pg_depend,pg_depend_depender_index,1919,3088,3088,782,6782
1416446092.71988,pg_toast,pg_toast_12693,pg_toast_12693_index,0,0,0,0,0
1416446092.71988,public,part,part_p_type_p_partkey_idx,0,0,0,11519,0
1416446092.71988,public,part,part_p_name_idx,0,0,0,13604,0
1416446092.71988,public,part,part_p_container_p_brand_p_partkey_idx,0,0,0,12144,0
1416446092.71988,public,part,part_p_size_brin_idx,0,0,0,0,3
1416446092.71988,public,part,pk_part,0,0,0,5486,0
1416446092.71988,public,nation,pk_nation,0,0,0,1,0
1416446092.71988,public,partsupp,pk_partsupp,0,0,0,21936,0
1416446092.71988,public,partsupp,partsupp_ps_suppkey_idx,0,0,0,0,6
1416446092.71988,public,region,pk_region,0,0,0,1,0
1416446152.72085,pg_catalog,pg_statistic,pg_statistic_relid_att_inh_index,34067,32584,32574,360,73814
1416446152.72085,pg_catalog,pg_type,pg_type_typname_nsp_index,3938,3051,2821,1017,9545
1416446152.72085,pg_catalog,pg_type,pg_type_oid_index,147466,147047,147047,333,301903
1416446152.72085,pg_toast,pg_toast_2619,pg_toast_2619_index,23340,79916,79916,316,27464
1416446152.72085,pg_toast,pg_toast_1255,pg_toast_1255_index,0,0,0,0,0
1416446152.72085,pg_toast,pg_toast_2604,pg_toast_2604_index,0,0,0,0,0
1416446152.72085,pg_toast,pg_toast_2606,pg_toast_2606_index,0,0,0,0,0
1416446152.72085,pg_toast,pg_toast_2618,pg_toast_2618_index,706,2254,2254,131,1009
1416446152.72085,pg_toast,pg_toast_2620,pg_toast_2620_index,0,0,0,0,0
1416446152.72085,pg_toast,pg_toast_2609,pg_toast_2609_index,0,0,0,0,0
1416446152.72085,pg_toast,pg_toast_2964,pg_toast_2964_index,0,0,0,0,0
1416446152.72085,pg_toast,pg_toast_2396,pg_toast_2396_index,0,0,0,0,0
1416446152.72085,pg_toast,pg_toast_3596,pg_toast_3596_index,0,0,0,0,0
1416446152.72085,public,customer,pk_customer,0,0,0,4115,0
1416446152.72085,public,customer,customer_c_nationkey_c_custkey_brin_idx,0,0,0,0,3
1416446152.72085,public,customer,customer_c_mktsegment_c_custkey_idx,0,0,0,5778,0
1416446152.72085,public,customer,customer_c_phone_idx_c_acctbal,0,0,0,3741,0
1416446152.72085,public,customer,customer_c_phone_idx,0,0,0,4115,0
1416446152.72085,pg_catalog,pg_authid,pg_authid_oid_index,6463,6463,6463,136,12790
1416446152.72085,pg_catalog,pg_authid,pg_authid_rolname_index,6425,6425,6425,136,12714
1416446152.72085,pg_catalog,pg_largeobject,pg_largeobject_loid_pn_index,0,0,0,0,0
1416446152.72085,pg_catalog,pg_user_mapping,pg_user_mapping_user_server_index,0,0,0,0,0
1416446152.72085,pg_catalog,pg_user_mapping,pg_user_mapping_oid_index,0,0,0,0,0
1416446152.72085,pg_catalog,pg_attribute,pg_attribute_relid_attnum_index,129410,291351,291178,819,269193
1416446152.72085,pg_catalog,pg_attribute,pg_attribute_relid_attnam_index,250,250,250,337,3721
1416446152.72085,pg_catalog,pg_proc,pg_proc_proname_args_nsp_index,7719,34893,34893,1253,20144
1416446152.72085,pg_catalog,pg_proc,pg_proc_oid_index,47991,47991,47991,838,101264
1416446152.72085,pg_catalog,pg_attrdef,pg_attrdef_oid_index,0,0,0,0,0
1416446152.72085,pg_catalog,pg_attrdef,pg_attrdef_adrelid_adnum_index,0,0,0,0,0
1416446152.72085,pg_catalog,pg_constraint,pg_constraint_oid_index,71,32,32,10,171
1416446152.72085,pg_catalog,pg_constraint,pg_constraint_contypid_index,0,0,0,10,68
1416446152.72085,pg_catalog,pg_constraint,pg_constraint_conrelid_index,0,0,0,10,68
1416446152.72085,pg_catalog,pg_constraint,pg_constraint_conname_nsp_index,0,0,0,10,68
1416446152.72085,pg_catalog,pg_inherits,pg_inherits_parent_index,0,0,0,0,0
1416446152.72085,pg_catalog,pg_inherits,pg_inherits_relid_seqno_index,202,0,0,107,95
1416446152.72085,pg_catalog,pg_index,pg_index_indexrelid_index,53932,54182,53932,123,60554
1416446152.72085,pg_catalog,pg_index,pg_index_indrelid_index,14841,45019,45019,300,18274
1416446152.72085,pg_catalog,pg_opfamily,pg_opfamily_oid_index,0,0,0,0,0
1416446152.72085,pg_catalog,pg_opfamily,pg_opfamily_am_name_nsp_index,0,0,0,0,0
1416446152.72085,pg_catalog,pg_opclass,pg_opclass_oid_index,32170,32170,32170,125,38600
1416446152.72085,pg_catalog,pg_opclass,pg_opclass_am_name_nsp_index,9699,403711,403711,376,12070
1416446152.72085,pg_catalog,pg_am,pg_am_oid_index,0,0,0,0,0
1416446152.72085,pg_catalog,pg_am,pg_am_name_index,0,0,0,0,0
1416446152.72085,pg_catalog,pg_amop,pg_amop_oid_index,0,0,0,0,0
1416446152.72085,pg_catalog,pg_amop,pg_amop_opr_fam_index,22907,63071,63071,451,49846
1416446152.72085,pg_catalog,pg_amop,pg_amop_fam_strat_index,30231,30231,30231,395,63142
1416446152.72085,pg_catalog,pg_amproc,pg_amproc_oid_index,0,0,0,0,0
1416446152.72085,pg_catalog,pg_amproc,pg_amproc_fam_proc_index,31258,91916,91916,274,68797
1416446152.72085,pg_catalog,pg_language,pg_language_oid_index,0,0,0,0,0
1416446152.72085,pg_catalog,pg_language,pg_language_name_index,0,0,0,0,0
1416446152.72085,pg_catalog,pg_largeobject_metadata,pg_largeobject_metadata_oid_index,0,0,0,0,0
1416446152.72085,pg_catalog,pg_aggregate,pg_aggregate_fnoid_index,3376,3376,3376,506,5382
1416446152.72085,pg_catalog,pg_rewrite,pg_rewrite_rel_rulename_index,1302,1194,1086,226,2002
1416446152.72085,pg_catalog,pg_rewrite,pg_rewrite_oid_index,324,216,216,152,392
1416446152.72085,pg_catalog,pg_trigger,pg_trigger_oid_index,0,0,0,0,0
1416446152.72085,pg_catalog,pg_trigger,pg_trigger_tgrelid_tgname_index,0,0,0,0,0
1416446152.72085,pg_catalog,pg_trigger,pg_trigger_tgconstraint_index,0,0,0,0,0
1416446152.72085,pg_catalog,pg_event_trigger,pg_event_trigger_oid_index,0,0,0,0,0
1416446152.72085,pg_catalog,pg_event_trigger,pg_event_trigger_evtname_index,394,0,0,102,292
1416446152.72085,pg_catalog,pg_description,pg_description_o_c_o_index,908,0,0,303,1715
1416446152.72085,pg_catalog,pg_cast,pg_cast_source_target_index,213049,50721,50721,133,219080
1416446152.72085,pg_catalog,pg_cast,pg_cast_oid_index,0,0,0,0,0
1416446152.72085,pg_catalog,pg_database,pg_database_oid_index,8483,8482,8482,131,15048
1416446152.72085,pg_catalog,pg_database,pg_database_datname_index,13113,13112,13112,128,19664
1416446152.72085,pg_catalog,pg_namespace,pg_namespace_oid_index,14779,14769,14769,237,15069
1416446152.72085,pg_catalog,pg_namespace,pg_namespace_nspname_index,17780,11382,11382,131,24047
1416446152.72085,pg_catalog,pg_conversion,pg_conversion_oid_index,0,0,0,0,0
1416446152.72085,pg_catalog,pg_conversion,pg_conversion_name_nsp_index,0,0,0,0,0
1416446152.72085,pg_catalog,pg_conversion,pg_conversion_default_index,0,0,0,0,0
1416446152.72085,pg_catalog,pg_db_role_setting,pg_db_role_setting_databaseid_rol_index,26780,0,0,57,26723
1416446152.72085,pg_catalog,pg_tablespace,pg_tablespace_spcname_index,0,0,0,13,13
1416446152.72085,pg_catalog,pg_tablespace,pg_tablespace_oid_index,4548,4548,4548,198,8898
1416446152.72085,pg_catalog,pg_pltemplate,pg_pltemplate_name_index,0,0,0,0,0
1416446152.72085,pg_catalog,pg_auth_members,pg_auth_members_member_role_index,0,0,0,0,0
1416446152.72085,pg_catalog,pg_auth_members,pg_auth_members_role_member_index,0,0,0,0,0
1416446152.72085,pg_catalog,pg_shdepend,pg_shdepend_reference_index,223,223,223,204,232
1416446152.72085,pg_catalog,pg_shdepend,pg_shdepend_depender_index,909,0,0,205,907
1416446152.72085,pg_catalog,pg_shdescription,pg_shdescription_o_c_index,0,0,0,0,0
1416446152.72085,pg_catalog,pg_ts_config,pg_ts_config_oid_index,0,0,0,0,0
1416446152.72085,pg_catalog,pg_ts_config,pg_ts_config_cfgname_index,0,0,0,0,0
1416446152.72085,pg_catalog,pg_ts_config_map,pg_ts_config_map_index,0,0,0,0,0
1416446152.72085,pg_catalog,pg_ts_dict,pg_ts_dict_oid_index,0,0,0,0,0
1416446152.72085,pg_catalog,pg_ts_dict,pg_ts_dict_dictname_index,0,0,0,0,0
1416446152.72085,pg_catalog,pg_ts_parser,pg_ts_parser_oid_index,0,0,0,0,0
1416446152.72085,pg_catalog,pg_ts_parser,pg_ts_parser_prsname_index,0,0,0,0,0
1416446152.72085,pg_catalog,pg_ts_template,pg_ts_template_oid_index,0,0,0,0,0
1416446152.72085,pg_catalog,pg_ts_template,pg_ts_template_tmplname_index,0,0,0,0,0
1416446152.72085,pg_catalog,pg_extension,pg_extension_name_index,0,0,0,0,0
1416446152.72085,pg_catalog,pg_extension,pg_extension_oid_index,0,0,0,0,0
1416446152.72085,pg_catalog,pg_foreign_data_wrapper,pg_foreign_data_wrapper_name_index,0,0,0,0,0
1416446152.72085,pg_catalog,pg_foreign_data_wrapper,pg_foreign_data_wrapper_oid_index,0,0,0,0,0
1416446152.72085,pg_catalog,pg_foreign_server,pg_foreign_server_name_index,0,0,0,0,0
1416446152.72085,pg_catalog,pg_foreign_server,pg_foreign_server_oid_index,0,0,0,0,0
1416446152.72085,pg_catalog,pg_foreign_table,pg_foreign_table_relid_index,0,0,0,0,0
1416446152.72085,pg_catalog,pg_rowsecurity,pg_rowsecurity_polname_relid_index,0,0,0,0,0
1416446152.72085,pg_catalog,pg_rowsecurity,pg_rowsecurity_oid_index,0,0,0,0,0
1416446152.72085,pg_catalog,pg_default_acl,pg_default_acl_oid_index,0,0,0,0,0
1416446152.72085,pg_catalog,pg_default_acl,pg_default_acl_role_nsp_obj_index,848,0,0,89,759
1416446152.72085,pg_catalog,pg_seclabel,pg_seclabel_object_index,908,0,0,98,810
1416446152.72085,pg_catalog,pg_shseclabel,pg_shseclabel_object_index,0,0,0,0,0
1416446152.72085,pg_catalog,pg_collation,pg_collation_oid_index,0,0,0,0,0
1416446152.72085,pg_catalog,pg_collation,pg_collation_name_enc_nsp_index,0,0,0,0,0
1416446152.72085,pg_catalog,pg_range,pg_range_rngtypid_index,1516,0,0,489,2543
1416446152.72085,pg_toast,pg_toast_12698,pg_toast_12698_index,0,0,0,0,0
1416446152.72085,pg_toast,pg_toast_12703,pg_toast_12703_index,0,0,0,0,0
1416446152.72085,pg_toast,pg_toast_12708,pg_toast_12708_index,0,0,0,0,0
1416446152.72085,public,orders,pk_orders,0,0,0,41130,0
1416446152.72085,public,orders,orders_o_orderkey_o_orderdate_brin_idx,0,0,0,0,12
1416446152.72085,public,orders,orders_o_orderdate_o_orderkey_brin_idx,0,0,0,0,12
1416446152.72085,pg_toast,pg_toast_12713,pg_toast_12713_index,0,0,0,0,0
1416446152.72085,pg_toast,pg_toast_12718,pg_toast_12718_index,0,0,0,0,0
1416446152.72085,pg_toast,pg_toast_12723,pg_toast_12723_index,0,0,0,0,0
1416446152.72085,pg_catalog,pg_class,pg_class_tblspc_relfilenode_index,0,0,0,345,1255
1416446152.72085,pg_catalog,pg_class,pg_class_relname_nsp_index,24379,12751,12511,568,55399
1416446152.72085,pg_catalog,pg_class,pg_class_oid_index,136150,135752,134999,390,279625
1416446152.72085,public,supplier,supplier_s_nationkey_s_suppkey_brin_idx,0,0,0,0,3
1416446152.72085,public,supplier,pk_supplier,0,0,0,275,0
1416446152.72085,public,supplier,supplier_s_suppkey_idx_like,0,0,0,1,0
1416446152.72085,pg_catalog,pg_operator,pg_operator_oprname_l_r_n_index,22690,228626,228626,509,49602
1416446152.72085,pg_catalog,pg_operator,pg_operator_oid_index,26203,26203,26203,428,56673
1416446152.72085,pg_catalog,pg_enum,pg_enum_typid_sortorder_index,0,0,0,0,0
1416446152.72085,pg_catalog,pg_enum,pg_enum_typid_label_index,0,0,0,0,0
1416446152.72085,pg_catalog,pg_enum,pg_enum_oid_index,0,0,0,0,0
1416446152.72085,pg_catalog,pg_depend,pg_depend_reference_index,6766,7332,6202,1476,15776
1416446152.72085,pg_catalog,pg_depend,pg_depend_depender_index,1919,3088,3088,782,6782
1416446152.72085,pg_toast,pg_toast_12693,pg_toast_12693_index,0,0,0,0,0
1416446152.72085,public,part,part_p_type_p_partkey_idx,0,0,0,11519,0
1416446152.72085,public,part,part_p_name_idx,0,0,0,13604,0
1416446152.72085,public,part,part_p_container_p_brand_p_partkey_idx,0,0,0,12144,0
1416446152.72085,public,part,part_p_size_brin_idx,0,0,0,0,3
1416446152.72085,public,part,pk_part,0,0,0,5486,0
1416446152.72085,public,nation,pk_nation,0,0,0,1,0
1416446152.72085,public,partsupp,pk_partsupp,0,0,0,21936,0
1416446152.72085,public,partsupp,partsupp_ps_suppkey_idx,0,0,0,0,6
1416446152.72085,public,region,pk_region,0,0,0,1,0
1416446212.72413,pg_catalog,pg_statistic,pg_statistic_relid_att_inh_index,34092,32603,32593,360,73869
1416446212.72413,pg_catalog,pg_type,pg_type_typname_nsp_index,3938,3051,2821,1017,9545
1416446212.72413,pg_catalog,pg_type,pg_type_oid_index,147563,147144,147144,333,302103
1416446212.72413,pg_toast,pg_toast_2619,pg_toast_2619_index,23343,79922,79922,316,27473
1416446212.72413,pg_toast,pg_toast_1255,pg_toast_1255_index,0,0,0,0,0
1416446212.72413,pg_toast,pg_toast_2604,pg_toast_2604_index,0,0,0,0,0
1416446212.72413,pg_toast,pg_toast_2606,pg_toast_2606_index,0,0,0,0,0
1416446212.72413,pg_toast,pg_toast_2618,pg_toast_2618_index,711,2270,2270,131,1017
1416446212.72413,pg_toast,pg_toast_2620,pg_toast_2620_index,0,0,0,0,0
1416446212.72413,pg_toast,pg_toast_2609,pg_toast_2609_index,0,0,0,0,0
1416446212.72413,pg_toast,pg_toast_2964,pg_toast_2964_index,0,0,0,0,0
1416446212.72413,pg_toast,pg_toast_2396,pg_toast_2396_index,0,0,0,0,0
1416446212.72413,pg_toast,pg_toast_3596,pg_toast_3596_index,0,0,0,0,0
1416446212.72413,public,customer,pk_customer,0,0,0,4115,0
1416446212.72413,public,customer,customer_c_nationkey_c_custkey_brin_idx,0,0,0,0,3
1416446212.72413,public,customer,customer_c_mktsegment_c_custkey_idx,0,0,0,5778,0
1416446212.72413,public,customer,customer_c_phone_idx_c_acctbal,0,0,0,3741,0
1416446212.72413,public,customer,customer_c_phone_idx,0,0,0,4115,0
1416446212.72413,pg_catalog,pg_authid,pg_authid_oid_index,6470,6470,6470,136,12804
1416446212.72413,pg_catalog,pg_authid,pg_authid_rolname_index,6432,6432,6432,136,12728
1416446212.72413,pg_catalog,pg_largeobject,pg_largeobject_loid_pn_index,0,0,0,0,0
1416446212.72413,pg_catalog,pg_user_mapping,pg_user_mapping_user_server_index,0,0,0,0,0
1416446212.72413,pg_catalog,pg_user_mapping,pg_user_mapping_oid_index,0,0,0,0,0
1416446212.72413,pg_catalog,pg_attribute,pg_attribute_relid_attnum_index,129615,291700,291527,819,269611
1416446212.72413,pg_catalog,pg_attribute,pg_attribute_relid_attnam_index,250,250,250,337,3721
1416446212.72413,pg_catalog,pg_proc,pg_proc_proname_args_nsp_index,7729,34938,34938,1253,20169
1416446212.72413,pg_catalog,pg_proc,pg_proc_oid_index,48059,48059,48059,838,101405
1416446212.72413,pg_catalog,pg_attrdef,pg_attrdef_oid_index,0,0,0,0,0
1416446212.72413,pg_catalog,pg_attrdef,pg_attrdef_adrelid_adnum_index,0,0,0,0,0
1416446212.72413,pg_catalog,pg_constraint,pg_constraint_oid_index,71,32,32,10,171
1416446212.72413,pg_catalog,pg_constraint,pg_constraint_contypid_index,0,0,0,10,68
1416446212.72413,pg_catalog,pg_constraint,pg_constraint_conrelid_index,0,0,0,10,68
1416446212.72413,pg_catalog,pg_constraint,pg_constraint_conname_nsp_index,0,0,0,10,68
1416446212.72413,pg_catalog,pg_inherits,pg_inherits_parent_index,0,0,0,0,0
1416446212.72413,pg_catalog,pg_inherits,pg_inherits_relid_seqno_index,202,0,0,107,95
1416446212.72413,pg_catalog,pg_index,pg_index_indexrelid_index,53959,54209,53959,123,60586
1416446212.72413,pg_catalog,pg_index,pg_index_indrelid_index,14857,45048,45048,300,18295
1416446212.72413,pg_catalog,pg_opfamily,pg_opfamily_oid_index,0,0,0,0,0
1416446212.72413,pg_catalog,pg_opfamily,pg_opfamily_am_name_nsp_index,0,0,0,0,0
1416446212.72413,pg_catalog,pg_opclass,pg_opclass_oid_index,32183,32183,32183,125,38618
1416446212.72413,pg_catalog,pg_opclass,pg_opclass_am_name_nsp_index,9703,403882,403882,376,12077
1416446212.72413,pg_catalog,pg_am,pg_am_oid_index,0,0,0,0,0
1416446212.72413,pg_catalog,pg_am,pg_am_name_index,0,0,0,0,0
1416446212.72413,pg_catalog,pg_amop,pg_amop_oid_index,0,0,0,0,0
1416446212.72413,pg_catalog,pg_amop,pg_amop_opr_fam_index,22919,63102,63102,451,49874
1416446212.72413,pg_catalog,pg_amop,pg_amop_fam_strat_index,30252,30252,30252,395,63188
1416446212.72413,pg_catalog,pg_amproc,pg_amproc_oid_index,0,0,0,0,0
1416446212.72413,pg_catalog,pg_amproc,pg_amproc_fam_proc_index,31274,91941,91941,274,68834
1416446212.72413,pg_catalog,pg_language,pg_language_oid_index,0,0,0,0,0
1416446212.72413,pg_catalog,pg_language,pg_language_name_index,0,0,0,0,0
1416446212.72413,pg_catalog,pg_largeobject_metadata,pg_largeobject_metadata_oid_index,0,0,0,0,0
1416446212.72413,pg_catalog,pg_aggregate,pg_aggregate_fnoid_index,3377,3377,3377,506,5384
1416446212.72413,pg_catalog,pg_rewrite,pg_rewrite_rel_rulename_index,1309,1201,1093,226,2014
1416446212.72413,pg_catalog,pg_rewrite,pg_rewrite_oid_index,324,216,216,152,392
1416446212.72413,pg_catalog,pg_trigger,pg_trigger_oid_index,0,0,0,0,0
1416446212.72413,pg_catalog,pg_trigger,pg_trigger_tgrelid_tgname_index,0,0,0,0,0
1416446212.72413,pg_catalog,pg_trigger,pg_trigger_tgconstraint_index,0,0,0,0,0
1416446212.72413,pg_catalog,pg_event_trigger,pg_event_trigger_oid_index,0,0,0,0,0
1416446212.72413,pg_catalog,pg_event_trigger,pg_event_trigger_evtname_index,394,0,0,102,292
1416446212.72413,pg_catalog,pg_description,pg_description_o_c_o_index,908,0,0,303,1715
1416446212.72413,pg_catalog,pg_cast,pg_cast_source_target_index,213118,50749,50749,133,219154
1416446212.72413,pg_catalog,pg_cast,pg_cast_oid_index,0,0,0,0,0
1416446212.72413,pg_catalog,pg_database,pg_database_oid_index,8501,8500,8500,131,15075
1416446212.72413,pg_catalog,pg_database,pg_database_datname_index,13129,13128,13128,128,19689
1416446212.72413,pg_catalog,pg_namespace,pg_namespace_oid_index,14915,14905,14905,237,15208
1416446212.72413,pg_catalog,pg_namespace,pg_namespace_nspname_index,17797,11393,11393,131,24070
1416446212.72413,pg_catalog,pg_conversion,pg_conversion_oid_index,0,0,0,0,0
1416446212.72413,pg_catalog,pg_conversion,pg_conversion_name_nsp_index,0,0,0,0,0
1416446212.72413,pg_catalog,pg_conversion,pg_conversion_default_index,0,0,0,0,0
1416446212.72413,pg_catalog,pg_db_role_setting,pg_db_role_setting_databaseid_rol_index,26816,0,0,57,26759
1416446212.72413,pg_catalog,pg_tablespace,pg_tablespace_spcname_index,0,0,0,13,13
1416446212.72413,pg_catalog,pg_tablespace,pg_tablespace_oid_index,4553,4553,4553,198,8908
1416446212.72413,pg_catalog,pg_pltemplate,pg_pltemplate_name_index,0,0,0,0,0
1416446212.72413,pg_catalog,pg_auth_members,pg_auth_members_member_role_index,0,0,0,0,0
1416446212.72413,pg_catalog,pg_auth_members,pg_auth_members_role_member_index,0,0,0,0,0
1416446212.72413,pg_catalog,pg_shdepend,pg_shdepend_reference_index,223,223,223,204,232
1416446212.72413,pg_catalog,pg_shdepend,pg_shdepend_depender_index,909,0,0,205,907
1416446212.72413,pg_catalog,pg_shdescription,pg_shdescription_o_c_index,0,0,0,0,0
1416446212.72413,pg_catalog,pg_ts_config,pg_ts_config_oid_index,0,0,0,0,0
1416446212.72413,pg_catalog,pg_ts_config,pg_ts_config_cfgname_index,0,0,0,0,0
1416446212.72413,pg_catalog,pg_ts_config_map,pg_ts_config_map_index,0,0,0,0,0
1416446212.72413,pg_catalog,pg_ts_dict,pg_ts_dict_oid_index,0,0,0,0,0
1416446212.72413,pg_catalog,pg_ts_dict,pg_ts_dict_dictname_index,0,0,0,0,0
1416446212.72413,pg_catalog,pg_ts_parser,pg_ts_parser_oid_index,0,0,0,0,0
1416446212.72413,pg_catalog,pg_ts_parser,pg_ts_parser_prsname_index,0,0,0,0,0
1416446212.72413,pg_catalog,pg_ts_template,pg_ts_template_oid_index,0,0,0,0,0
1416446212.72413,pg_catalog,pg_ts_template,pg_ts_template_tmplname_index,0,0,0,0,0
1416446212.72413,pg_catalog,pg_extension,pg_extension_name_index,0,0,0,0,0
1416446212.72413,pg_catalog,pg_extension,pg_extension_oid_index,0,0,0,0,0
1416446212.72413,pg_catalog,pg_foreign_data_wrapper,pg_foreign_data_wrapper_name_index,0,0,0,0,0
1416446212.72413,pg_catalog,pg_foreign_data_wrapper,pg_foreign_data_wrapper_oid_index,0,0,0,0,0
1416446212.72413,pg_catalog,pg_foreign_server,pg_foreign_server_name_index,0,0,0,0,0
1416446212.72413,pg_catalog,pg_foreign_server,pg_foreign_server_oid_index,0,0,0,0,0
1416446212.72413,pg_catalog,pg_foreign_table,pg_foreign_table_relid_index,0,0,0,0,0
1416446212.72413,pg_catalog,pg_rowsecurity,pg_rowsecurity_polname_relid_index,0,0,0,0,0
1416446212.72413,pg_catalog,pg_rowsecurity,pg_rowsecurity_oid_index,0,0,0,0,0
1416446212.72413,pg_catalog,pg_default_acl,pg_default_acl_oid_index,0,0,0,0,0
1416446212.72413,pg_catalog,pg_default_acl,pg_default_acl_role_nsp_obj_index,848,0,0,89,759
1416446212.72413,pg_catalog,pg_seclabel,pg_seclabel_object_index,908,0,0,98,810
1416446212.72413,pg_catalog,pg_shseclabel,pg_shseclabel_object_index,0,0,0,0,0
1416446212.72413,pg_catalog,pg_collation,pg_collation_oid_index,0,0,0,0,0
1416446212.72413,pg_catalog,pg_collation,pg_collation_name_enc_nsp_index,0,0,0,0,0
1416446212.72413,pg_catalog,pg_range,pg_range_rngtypid_index,1516,0,0,489,2543
1416446212.72413,pg_toast,pg_toast_12698,pg_toast_12698_index,0,0,0,0,0
1416446212.72413,pg_toast,pg_toast_12703,pg_toast_12703_index,0,0,0,0,0
1416446212.72413,pg_toast,pg_toast_12708,pg_toast_12708_index,0,0,0,0,0
1416446212.72413,public,orders,pk_orders,0,0,0,41130,0
1416446212.72413,public,orders,orders_o_orderkey_o_orderdate_brin_idx,0,0,0,0,12
1416446212.72413,public,orders,orders_o_orderdate_o_orderkey_brin_idx,0,0,0,0,12
1416446212.72413,pg_toast,pg_toast_12713,pg_toast_12713_index,0,0,0,0,0
1416446212.72413,pg_toast,pg_toast_12718,pg_toast_12718_index,0,0,0,0,0
1416446212.72413,pg_toast,pg_toast_12723,pg_toast_12723_index,0,0,0,0,0
1416446212.72413,pg_catalog,pg_class,pg_class_tblspc_relfilenode_index,0,0,0,345,1258
1416446212.72413,pg_catalog,pg_class,pg_class_relname_nsp_index,24389,12760,12520,568,55425
1416446212.72413,pg_catalog,pg_class,pg_class_oid_index,136477,136079,135326,390,280286
1416446212.72413,public,supplier,supplier_s_nationkey_s_suppkey_brin_idx,0,0,0,0,3
1416446212.72413,public,supplier,pk_supplier,0,0,0,275,0
1416446212.72413,public,supplier,supplier_s_suppkey_idx_like,0,0,0,1,0
1416446212.72413,pg_catalog,pg_operator,pg_operator_oprname_l_r_n_index,22693,228629,228629,509,49611
1416446212.72413,pg_catalog,pg_operator,pg_operator_oid_index,26217,26217,26217,428,56706
1416446212.72413,pg_catalog,pg_enum,pg_enum_typid_sortorder_index,0,0,0,0,0
1416446212.72413,pg_catalog,pg_enum,pg_enum_typid_label_index,0,0,0,0,0
1416446212.72413,pg_catalog,pg_enum,pg_enum_oid_index,0,0,0,0,0
1416446212.72413,pg_catalog,pg_depend,pg_depend_reference_index,6766,7332,6202,1476,15776
1416446212.72413,pg_catalog,pg_depend,pg_depend_depender_index,1919,3088,3088,782,6782
1416446212.72413,pg_toast,pg_toast_12693,pg_toast_12693_index,0,0,0,0,0
1416446212.72413,public,part,part_p_type_p_partkey_idx,0,0,0,11519,0
1416446212.72413,public,part,part_p_name_idx,0,0,0,13604,0
1416446212.72413,public,part,part_p_container_p_brand_p_partkey_idx,0,0,0,12144,0
1416446212.72413,public,part,part_p_size_brin_idx,0,0,0,0,3
1416446212.72413,public,part,pk_part,0,0,0,5486,0
1416446212.72413,public,nation,pk_nation,0,0,0,1,0
1416446212.72413,public,partsupp,pk_partsupp,0,0,0,21936,0
1416446212.72413,public,partsupp,partsupp_ps_suppkey_idx,0,0,0,0,6
1416446212.72413,public,region,pk_region,0,0,0,1,0
1416446272.73011,pg_catalog,pg_statistic,pg_statistic_relid_att_inh_index,34121,32624,32614,360,73933
1416446272.73011,pg_catalog,pg_type,pg_type_typname_nsp_index,3938,3051,2821,1017,9545
1416446272.73011,pg_catalog,pg_type,pg_type_oid_index,147673,147254,147254,333,302330
1416446272.73011,pg_toast,pg_toast_2619,pg_toast_2619_index,23346,79928,79928,316,27482
1416446272.73011,pg_toast,pg_toast_1255,pg_toast_1255_index,0,0,0,0,0
1416446272.73011,pg_toast,pg_toast_2604,pg_toast_2604_index,0,0,0,0,0
1416446272.73011,pg_toast,pg_toast_2606,pg_toast_2606_index,0,0,0,0,0
1416446272.73011,pg_toast,pg_toast_2618,pg_toast_2618_index,717,2288,2288,131,1027
1416446272.73011,pg_toast,pg_toast_2620,pg_toast_2620_index,0,0,0,0,0
1416446272.73011,pg_toast,pg_toast_2609,pg_toast_2609_index,0,0,0,0,0
1416446272.73011,pg_toast,pg_toast_2964,pg_toast_2964_index,0,0,0,0,0
1416446272.73011,pg_toast,pg_toast_2396,pg_toast_2396_index,0,0,0,0,0
1416446272.73011,pg_toast,pg_toast_3596,pg_toast_3596_index,0,0,0,0,0
1416446272.73011,public,customer,pk_customer,0,0,0,4115,0
1416446272.73011,public,customer,customer_c_nationkey_c_custkey_brin_idx,0,0,0,0,3
1416446272.73011,public,customer,customer_c_mktsegment_c_custkey_idx,0,0,0,5778,0
1416446272.73011,public,customer,customer_c_phone_idx_c_acctbal,0,0,0,3741,0
1416446272.73011,public,customer,customer_c_phone_idx,0,0,0,4115,0
1416446272.73011,pg_catalog,pg_authid,pg_authid_oid_index,6481,6481,6481,136,12826
1416446272.73011,pg_catalog,pg_authid,pg_authid_rolname_index,6443,6443,6443,136,12750
1416446272.73011,pg_catalog,pg_largeobject,pg_largeobject_loid_pn_index,0,0,0,0,0
1416446272.73011,pg_catalog,pg_user_mapping,pg_user_mapping_user_server_index,0,0,0,0,0
1416446272.73011,pg_catalog,pg_user_mapping,pg_user_mapping_oid_index,0,0,0,0,0
1416446272.73011,pg_catalog,pg_attribute,pg_attribute_relid_attnum_index,129865,292171,291998,819,270136
1416446272.73011,pg_catalog,pg_attribute,pg_attribute_relid_attnam_index,252,252,252,337,3730
1416446272.73011,pg_catalog,pg_proc,pg_proc_proname_args_nsp_index,7741,34992,34992,1253,20199
1416446272.73011,pg_catalog,pg_proc,pg_proc_oid_index,48131,48131,48131,838,101555
1416446272.73011,pg_catalog,pg_attrdef,pg_attrdef_oid_index,0,0,0,0,0
1416446272.73011,pg_catalog,pg_attrdef,pg_attrdef_adrelid_adnum_index,0,0,0,0,0
1416446272.73011,pg_catalog,pg_constraint,pg_constraint_oid_index,71,32,32,10,171
1416446272.73011,pg_catalog,pg_constraint,pg_constraint_contypid_index,0,0,0,10,68
1416446272.73011,pg_catalog,pg_constraint,pg_constraint_conrelid_index,0,0,0,10,68
1416446272.73011,pg_catalog,pg_constraint,pg_constraint_conname_nsp_index,0,0,0,10,68
1416446272.73011,pg_catalog,pg_inherits,pg_inherits_parent_index,0,0,0,0,0
1416446272.73011,pg_catalog,pg_inherits,pg_inherits_relid_seqno_index,202,0,0,107,95
1416446272.73011,pg_catalog,pg_index,pg_index_indexrelid_index,54003,54253,54003,123,60646
1416446272.73011,pg_catalog,pg_index,pg_index_indrelid_index,14880,45091,45091,300,18326
1416446272.73011,pg_catalog,pg_opfamily,pg_opfamily_oid_index,0,0,0,0,0
1416446272.73011,pg_catalog,pg_opfamily,pg_opfamily_am_name_nsp_index,0,0,0,0,0
1416446272.73011,pg_catalog,pg_opclass,pg_opclass_oid_index,32211,32211,32211,125,38661
1416446272.73011,pg_catalog,pg_opclass,pg_opclass_am_name_nsp_index,9709,404141,404141,376,12087
1416446272.73011,pg_catalog,pg_am,pg_am_oid_index,0,0,0,0,0
1416446272.73011,pg_catalog,pg_am,pg_am_name_index,0,0,0,0,0
1416446272.73011,pg_catalog,pg_amop,pg_amop_oid_index,0,0,0,0,0
1416446272.73011,pg_catalog,pg_amop,pg_amop_opr_fam_index,22933,63139,63139,451,49907
1416446272.73011,pg_catalog,pg_amop,pg_amop_fam_strat_index,30277,30277,30277,395,63243
1416446272.73011,pg_catalog,pg_amproc,pg_amproc_oid_index,0,0,0,0,0
1416446272.73011,pg_catalog,pg_amproc,pg_amproc_fam_proc_index,31304,91993,91993,274,68909
1416446272.73011,pg_catalog,pg_language,pg_language_oid_index,0,0,0,0,0
1416446272.73011,pg_catalog,pg_language,pg_language_name_index,0,0,0,0,0
1416446272.73011,pg_catalog,pg_largeobject_metadata,pg_largeobject_metadata_oid_index,0,0,0,0,0
1416446272.73011,pg_catalog,pg_aggregate,pg_aggregate_fnoid_index,3378,3378,3378,506,5386
1416446272.73011,pg_catalog,pg_rewrite,pg_rewrite_rel_rulename_index,1317,1209,1101,226,2028
1416446272.73011,pg_catalog,pg_rewrite,pg_rewrite_oid_index,324,216,216,152,392
1416446272.73011,pg_catalog,pg_trigger,pg_trigger_oid_index,0,0,0,0,0
1416446272.73011,pg_catalog,pg_trigger,pg_trigger_tgrelid_tgname_index,0,0,0,0,0
1416446272.73011,pg_catalog,pg_trigger,pg_trigger_tgconstraint_index,0,0,0,0,0
1416446272.73011,pg_catalog,pg_event_trigger,pg_event_trigger_oid_index,0,0,0,0,0
1416446272.73011,pg_catalog,pg_event_trigger,pg_event_trigger_evtname_index,395,0,0,102,293
1416446272.73011,pg_catalog,pg_description,pg_description_o_c_o_index,908,0,0,303,1715
1416446272.73011,pg_catalog,pg_cast,pg_cast_source_target_index,213216,50789,50789,133,219259
1416446272.73011,pg_catalog,pg_cast,pg_cast_oid_index,0,0,0,0,0
1416446272.73011,pg_catalog,pg_database,pg_database_oid_index,8525,8524,8524,131,15112
1416446272.73011,pg_catalog,pg_database,pg_database_datname_index,13153,13152,13152,128,19726
1416446272.73011,pg_catalog,pg_namespace,pg_namespace_oid_index,15051,15041,15041,237,15347
1416446272.73011,pg_catalog,pg_namespace,pg_namespace_nspname_index,17817,11406,11406,131,24097
1416446272.73011,pg_catalog,pg_conversion,pg_conversion_oid_index,0,0,0,0,0
1416446272.73011,pg_catalog,pg_conversion,pg_conversion_name_nsp_index,0,0,0,0,0
1416446272.73011,pg_catalog,pg_conversion,pg_conversion_default_index,0,0,0,0,0
1416446272.73011,pg_catalog,pg_db_role_setting,pg_db_role_setting_databaseid_rol_index,26868,0,0,57,26811
1416446272.73011,pg_catalog,pg_tablespace,pg_tablespace_spcname_index,0,0,0,13,13
1416446272.73011,pg_catalog,pg_tablespace,pg_tablespace_oid_index,4558,4558,4558,198,8918
1416446272.73011,pg_catalog,pg_pltemplate,pg_pltemplate_name_index,0,0,0,0,0
1416446272.73011,pg_catalog,pg_auth_members,pg_auth_members_member_role_index,0,0,0,0,0
1416446272.73011,pg_catalog,pg_auth_members,pg_auth_members_role_member_index,0,0,0,0,0
1416446272.73011,pg_catalog,pg_shdepend,pg_shdepend_reference_index,223,223,223,204,232
1416446272.73011,pg_catalog,pg_shdepend,pg_shdepend_depender_index,909,0,0,205,907
1416446272.73011,pg_catalog,pg_shdescription,pg_shdescription_o_c_index,0,0,0,0,0
1416446272.73011,pg_catalog,pg_ts_config,pg_ts_config_oid_index,0,0,0,0,0
1416446272.73011,pg_catalog,pg_ts_config,pg_ts_config_cfgname_index,0,0,0,0,0
1416446272.73011,pg_catalog,pg_ts_config_map,pg_ts_config_map_index,0,0,0,0,0
1416446272.73011,pg_catalog,pg_ts_dict,pg_ts_dict_oid_index,0,0,0,0,0
1416446272.73011,pg_catalog,pg_ts_dict,pg_ts_dict_dictname_index,0,0,0,0,0
1416446272.73011,pg_catalog,pg_ts_parser,pg_ts_parser_oid_index,0,0,0,0,0
1416446272.73011,pg_catalog,pg_ts_parser,pg_ts_parser_prsname_index,0,0,0,0,0
1416446272.73011,pg_catalog,pg_ts_template,pg_ts_template_oid_index,0,0,0,0,0
1416446272.73011,pg_catalog,pg_ts_template,pg_ts_template_tmplname_index,0,0,0,0,0
1416446272.73011,pg_catalog,pg_extension,pg_extension_name_index,0,0,0,0,0
1416446272.73011,pg_catalog,pg_extension,pg_extension_oid_index,0,0,0,0,0
1416446272.73011,pg_catalog,pg_foreign_data_wrapper,pg_foreign_data_wrapper_name_index,0,0,0,0,0
1416446272.73011,pg_catalog,pg_foreign_data_wrapper,pg_foreign_data_wrapper_oid_index,0,0,0,0,0
1416446272.73011,pg_catalog,pg_foreign_server,pg_foreign_server_name_index,0,0,0,0,0
1416446272.73011,pg_catalog,pg_foreign_server,pg_foreign_server_oid_index,0,0,0,0,0
1416446272.73011,pg_catalog,pg_foreign_table,pg_foreign_table_relid_index,0,0,0,0,0
1416446272.73011,pg_catalog,pg_rowsecurity,pg_rowsecurity_polname_relid_index,0,0,0,0,0
1416446272.73011,pg_catalog,pg_rowsecurity,pg_rowsecurity_oid_index,0,0,0,0,0
1416446272.73011,pg_catalog,pg_default_acl,pg_default_acl_oid_index,0,0,0,0,0
1416446272.73011,pg_catalog,pg_default_acl,pg_default_acl_role_nsp_obj_index,848,0,0,89,759
1416446272.73011,pg_catalog,pg_seclabel,pg_seclabel_object_index,908,0,0,98,810
1416446272.73011,pg_catalog,pg_shseclabel,pg_shseclabel_object_index,0,0,0,0,0
1416446272.73011,pg_catalog,pg_collation,pg_collation_oid_index,0,0,0,0,0
1416446272.73011,pg_catalog,pg_collation,pg_collation_name_enc_nsp_index,0,0,0,0,0
1416446272.73011,pg_catalog,pg_range,pg_range_rngtypid_index,1516,0,0,489,2543
1416446272.73011,pg_toast,pg_toast_12698,pg_toast_12698_index,0,0,0,0,0
1416446272.73011,pg_toast,pg_toast_12703,pg_toast_12703_index,0,0,0,0,0
1416446272.73011,pg_toast,pg_toast_12708,pg_toast_12708_index,0,0,0,0,0
1416446272.73011,public,orders,pk_orders,0,0,0,41130,0
1416446272.73011,public,orders,orders_o_orderkey_o_orderdate_brin_idx,0,0,0,0,12
1416446272.73011,public,orders,orders_o_orderdate_o_orderkey_brin_idx,0,0,0,0,12
1416446272.73011,pg_toast,pg_toast_12713,pg_toast_12713_index,0,0,0,0,0
1416446272.73011,pg_toast,pg_toast_12718,pg_toast_12718_index,0,0,0,0,0
1416446272.73011,pg_toast,pg_toast_12723,pg_toast_12723_index,0,0,0,0,0
1416446272.73011,pg_catalog,pg_class,pg_class_tblspc_relfilenode_index,0,0,0,345,1264
1416446272.73011,pg_catalog,pg_class,pg_class_relname_nsp_index,24401,12771,12530,568,55458
1416446272.73011,pg_catalog,pg_class,pg_class_oid_index,136841,136442,135689,390,281033
1416446272.73011,public,lineitem,lineitem_l_partkey_l_quantity_idx,0,0,0,0,0
1416446272.73011,public,supplier,supplier_s_nationkey_s_suppkey_brin_idx,0,0,0,0,3
1416446272.73011,public,supplier,pk_supplier,0,0,0,275,0
1416446272.73011,public,supplier,supplier_s_suppkey_idx_like,0,0,0,1,0
1416446272.73011,pg_catalog,pg_operator,pg_operator_oprname_l_r_n_index,22696,228632,228632,509,49620
1416446272.73011,pg_catalog,pg_operator,pg_operator_oid_index,26232,26232,26232,428,56742
1416446272.73011,pg_catalog,pg_enum,pg_enum_typid_sortorder_index,0,0,0,0,0
1416446272.73011,pg_catalog,pg_enum,pg_enum_typid_label_index,0,0,0,0,0
1416446272.73011,pg_catalog,pg_enum,pg_enum_oid_index,0,0,0,0,0
1416446272.73011,pg_catalog,pg_depend,pg_depend_reference_index,6770,7336,6206,1476,15789
1416446272.73011,pg_catalog,pg_depend,pg_depend_depender_index,1919,3088,3088,782,6787
1416446272.73011,pg_toast,pg_toast_12693,pg_toast_12693_index,0,0,0,0,0
1416446272.73011,public,part,part_p_type_p_partkey_idx,0,0,0,11519,0
1416446272.73011,public,part,part_p_name_idx,0,0,0,13604,0
1416446272.73011,public,part,part_p_container_p_brand_p_partkey_idx,0,0,0,12144,0
1416446272.73011,public,part,part_p_size_brin_idx,0,0,0,0,3
1416446272.73011,public,part,pk_part,0,0,0,5486,0
1416446272.73011,public,nation,pk_nation,0,0,0,1,0
1416446272.73011,public,partsupp,pk_partsupp,0,0,0,21936,0
1416446272.73011,public,partsupp,partsupp_ps_suppkey_idx,0,0,0,0,6
1416446272.73011,public,region,pk_region,0,0,0,1,0
1416446332.7291,pg_catalog,pg_statistic,pg_statistic_relid_att_inh_index,34142,32641,32631,360,73979
1416446332.7291,pg_catalog,pg_type,pg_type_typname_nsp_index,3938,3051,2821,1017,9545
1416446332.7291,pg_catalog,pg_type,pg_type_oid_index,147753,147334,147334,333,302497
1416446332.7291,pg_toast,pg_toast_2619,pg_toast_2619_index,23349,79934,79934,316,27491
1416446332.7291,pg_toast,pg_toast_1255,pg_toast_1255_index,0,0,0,0,0
1416446332.7291,pg_toast,pg_toast_2604,pg_toast_2604_index,0,0,0,0,0
1416446332.7291,pg_toast,pg_toast_2606,pg_toast_2606_index,0,0,0,0,0
1416446332.7291,pg_toast,pg_toast_2618,pg_toast_2618_index,721,2302,2302,131,1033
1416446332.7291,pg_toast,pg_toast_2620,pg_toast_2620_index,0,0,0,0,0
1416446332.7291,pg_toast,pg_toast_2609,pg_toast_2609_index,0,0,0,0,0
1416446332.7291,pg_toast,pg_toast_2964,pg_toast_2964_index,0,0,0,0,0
1416446332.7291,pg_toast,pg_toast_2396,pg_toast_2396_index,0,0,0,0,0
1416446332.7291,pg_toast,pg_toast_3596,pg_toast_3596_index,0,0,0,0,0
1416446332.7291,public,customer,pk_customer,0,0,0,4115,0
1416446332.7291,public,customer,customer_c_nationkey_c_custkey_brin_idx,0,0,0,0,3
1416446332.7291,public,customer,customer_c_mktsegment_c_custkey_idx,0,0,0,5778,0
1416446332.7291,public,customer,customer_c_phone_idx_c_acctbal,0,0,0,3741,0
1416446332.7291,public,customer,customer_c_phone_idx,0,0,0,4115,0
1416446332.7291,pg_catalog,pg_authid,pg_authid_oid_index,6486,6486,6486,136,12836
1416446332.7291,pg_catalog,pg_authid,pg_authid_rolname_index,6448,6448,6448,136,12760
1416446332.7291,pg_catalog,pg_largeobject,pg_largeobject_loid_pn_index,0,0,0,0,0
1416446332.7291,pg_catalog,pg_user_mapping,pg_user_mapping_user_server_index,0,0,0,0,0
1416446332.7291,pg_catalog,pg_user_mapping,pg_user_mapping_oid_index,0,0,0,0,0
1416446332.7291,pg_catalog,pg_attribute,pg_attribute_relid_attnum_index,130085,292674,292501,819,270601
1416446332.7291,pg_catalog,pg_attribute,pg_attribute_relid_attnam_index,257,257,257,337,3753
1416446332.7291,pg_catalog,pg_proc,pg_proc_proname_args_nsp_index,7749,35028,35028,1253,20219
1416446332.7291,pg_catalog,pg_proc,pg_proc_oid_index,48195,48195,48195,838,101687
1416446332.7291,pg_catalog,pg_attrdef,pg_attrdef_oid_index,0,0,0,0,0
1416446332.7291,pg_catalog,pg_attrdef,pg_attrdef_adrelid_adnum_index,0,0,0,0,0
1416446332.7291,pg_catalog,pg_constraint,pg_constraint_oid_index,72,32,32,10,174
1416446332.7291,pg_catalog,pg_constraint,pg_constraint_contypid_index,0,0,0,10,70
1416446332.7291,pg_catalog,pg_constraint,pg_constraint_conrelid_index,0,0,0,10,70
1416446332.7291,pg_catalog,pg_constraint,pg_constraint_conname_nsp_index,0,0,0,10,70
1416446332.7291,pg_catalog,pg_inherits,pg_inherits_parent_index,0,0,0,0,0
1416446332.7291,pg_catalog,pg_inherits,pg_inherits_relid_seqno_index,202,0,0,107,95
1416446332.7291,pg_catalog,pg_index,pg_index_indexrelid_index,54048,54298,54048,123,60700
1416446332.7291,pg_catalog,pg_index,pg_index_indrelid_index,14907,45147,45147,300,18363
1416446332.7291,pg_catalog,pg_opfamily,pg_opfamily_oid_index,0,0,0,0,0
1416446332.7291,pg_catalog,pg_opfamily,pg_opfamily_am_name_nsp_index,0,0,0,0,0
1416446332.7291,pg_catalog,pg_opclass,pg_opclass_oid_index,32235,32235,32235,125,38691
1416446332.7291,pg_catalog,pg_opclass,pg_opclass_am_name_nsp_index,9718,404481,404481,376,12102
1416446332.7291,pg_catalog,pg_am,pg_am_oid_index,0,0,0,0,0
1416446332.7291,pg_catalog,pg_am,pg_am_name_index,0,0,0,0,0
1416446332.7291,pg_catalog,pg_amop,pg_amop_oid_index,0,0,0,0,0
1416446332.7291,pg_catalog,pg_amop,pg_amop_opr_fam_index,22943,63164,63164,451,49930
1416446332.7291,pg_catalog,pg_amop,pg_amop_fam_strat_index,30294,30294,30294,395,63280
1416446332.7291,pg_catalog,pg_amproc,pg_amproc_oid_index,0,0,0,0,0
1416446332.7291,pg_catalog,pg_amproc,pg_amproc_fam_proc_index,31326,92049,92049,274,68959
1416446332.7291,pg_catalog,pg_language,pg_language_oid_index,0,0,0,0,0
1416446332.7291,pg_catalog,pg_language,pg_language_name_index,0,0,0,0,0
1416446332.7291,pg_catalog,pg_largeobject_metadata,pg_largeobject_metadata_oid_index,0,0,0,0,0
1416446332.7291,pg_catalog,pg_aggregate,pg_aggregate_fnoid_index,3379,3379,3379,506,5388
1416446332.7291,pg_catalog,pg_rewrite,pg_rewrite_rel_rulename_index,1323,1215,1107,226,2038
1416446332.7291,pg_catalog,pg_rewrite,pg_rewrite_oid_index,324,216,216,152,392
1416446332.7291,pg_catalog,pg_trigger,pg_trigger_oid_index,0,0,0,0,0
1416446332.7291,pg_catalog,pg_trigger,pg_trigger_tgrelid_tgname_index,0,0,0,0,0
1416446332.7291,pg_catalog,pg_trigger,pg_trigger_tgconstraint_index,0,0,0,0,0
1416446332.7291,pg_catalog,pg_event_trigger,pg_event_trigger_oid_index,0,0,0,0,0
1416446332.7291,pg_catalog,pg_event_trigger,pg_event_trigger_evtname_index,398,0,0,102,296
1416446332.7291,pg_catalog,pg_description,pg_description_o_c_o_index,908,0,0,303,1715
1416446332.7291,pg_catalog,pg_cast,pg_cast_source_target_index,213316,50831,50831,133,219366
1416446332.7291,pg_catalog,pg_cast,pg_cast_oid_index,0,0,0,0,0
1416446332.7291,pg_catalog,pg_database,pg_database_oid_index,8545,8544,8544,131,15139
1416446332.7291,pg_catalog,pg_database,pg_database_datname_index,13165,13164,13164,128,19745
1416446332.7291,pg_catalog,pg_namespace,pg_namespace_oid_index,15188,15178,15178,237,15487
1416446332.7291,pg_catalog,pg_namespace,pg_namespace_nspname_index,17835,11417,11417,131,24122
1416446332.7291,pg_catalog,pg_conversion,pg_conversion_oid_index,0,0,0,0,0
1416446332.7291,pg_catalog,pg_conversion,pg_conversion_name_nsp_index,0,0,0,0,0
1416446332.7291,pg_catalog,pg_conversion,pg_conversion_default_index,0,0,0,0,0
1416446332.7291,pg_catalog,pg_db_role_setting,pg_db_role_setting_databaseid_rol_index,26896,0,0,57,26839
1416446332.7291,pg_catalog,pg_tablespace,pg_tablespace_spcname_index,0,0,0,13,13
1416446332.7291,pg_catalog,pg_tablespace,pg_tablespace_oid_index,4563,4563,4563,198,8928
1416446332.7291,pg_catalog,pg_pltemplate,pg_pltemplate_name_index,0,0,0,0,0
1416446332.7291,pg_catalog,pg_auth_members,pg_auth_members_member_role_index,0,0,0,0,0
1416446332.7291,pg_catalog,pg_auth_members,pg_auth_members_role_member_index,0,0,0,0,0
1416446332.7291,pg_catalog,pg_shdepend,pg_shdepend_reference_index,223,223,223,204,232
1416446332.7291,pg_catalog,pg_shdepend,pg_shdepend_depender_index,909,0,0,205,907
1416446332.7291,pg_catalog,pg_shdescription,pg_shdescription_o_c_index,0,0,0,0,0
1416446332.7291,pg_catalog,pg_ts_config,pg_ts_config_oid_index,0,0,0,0,0
1416446332.7291,pg_catalog,pg_ts_config,pg_ts_config_cfgname_index,0,0,0,0,0
1416446332.7291,pg_catalog,pg_ts_config_map,pg_ts_config_map_index,0,0,0,0,0
1416446332.7291,pg_catalog,pg_ts_dict,pg_ts_dict_oid_index,0,0,0,0,0
1416446332.7291,pg_catalog,pg_ts_dict,pg_ts_dict_dictname_index,0,0,0,0,0
1416446332.7291,pg_catalog,pg_ts_parser,pg_ts_parser_oid_index,0,0,0,0,0
1416446332.7291,pg_catalog,pg_ts_parser,pg_ts_parser_prsname_index,0,0,0,0,0
1416446332.7291,pg_catalog,pg_ts_template,pg_ts_template_oid_index,0,0,0,0,0
1416446332.7291,pg_catalog,pg_ts_template,pg_ts_template_tmplname_index,0,0,0,0,0
1416446332.7291,pg_catalog,pg_extension,pg_extension_name_index,0,0,0,0,0
1416446332.7291,pg_catalog,pg_extension,pg_extension_oid_index,0,0,0,0,0
1416446332.7291,pg_catalog,pg_foreign_data_wrapper,pg_foreign_data_wrapper_name_index,0,0,0,0,0
1416446332.7291,pg_catalog,pg_foreign_data_wrapper,pg_foreign_data_wrapper_oid_index,0,0,0,0,0
1416446332.7291,pg_catalog,pg_foreign_server,pg_foreign_server_name_index,0,0,0,0,0
1416446332.7291,pg_catalog,pg_foreign_server,pg_foreign_server_oid_index,0,0,0,0,0
1416446332.7291,pg_catalog,pg_foreign_table,pg_foreign_table_relid_index,0,0,0,0,0
1416446332.7291,pg_catalog,pg_rowsecurity,pg_rowsecurity_polname_relid_index,0,0,0,0,0
1416446332.7291,pg_catalog,pg_rowsecurity,pg_rowsecurity_oid_index,0,0,0,0,0
1416446332.7291,pg_catalog,pg_default_acl,pg_default_acl_oid_index,0,0,0,0,0
1416446332.7291,pg_catalog,pg_default_acl,pg_default_acl_role_nsp_obj_index,848,0,0,89,759
1416446332.7291,pg_catalog,pg_seclabel,pg_seclabel_object_index,908,0,0,98,810
1416446332.7291,pg_catalog,pg_shseclabel,pg_shseclabel_object_index,0,0,0,0,0
1416446332.7291,pg_catalog,pg_collation,pg_collation_oid_index,0,0,0,0,0
1416446332.7291,pg_catalog,pg_collation,pg_collation_name_enc_nsp_index,0,0,0,0,0
1416446332.7291,pg_catalog,pg_range,pg_range_rngtypid_index,1516,0,0,489,2543
1416446332.7291,pg_toast,pg_toast_12698,pg_toast_12698_index,0,0,0,0,0
1416446332.7291,pg_toast,pg_toast_12703,pg_toast_12703_index,0,0,0,0,0
1416446332.7291,pg_toast,pg_toast_12708,pg_toast_12708_index,0,0,0,0,0
1416446332.7291,public,orders,pk_orders,0,0,0,41130,0
1416446332.7291,public,orders,orders_o_orderkey_o_orderdate_brin_idx,0,0,0,0,12
1416446332.7291,public,orders,orders_o_orderdate_o_orderkey_brin_idx,0,0,0,0,12
1416446332.7291,pg_toast,pg_toast_12713,pg_toast_12713_index,0,0,0,0,0
1416446332.7291,pg_toast,pg_toast_12718,pg_toast_12718_index,0,0,0,0,0
1416446332.7291,pg_toast,pg_toast_12723,pg_toast_12723_index,0,0,0,0,0
1416446332.7291,pg_catalog,pg_class,pg_class_tblspc_relfilenode_index,0,0,0,345,1276
1416446332.7291,pg_catalog,pg_class,pg_class_relname_nsp_index,24420,12787,12543,568,55509
1416446332.7291,pg_catalog,pg_class,pg_class_oid_index,137208,136806,136053,390,281781
1416446332.7291,public,lineitem,lineitem_l_orderkey_brin_idx,0,0,0,0,0
1416446332.7291,public,lineitem,pk_lineitem,0,0,0,0,0
1416446332.7291,public,lineitem,lineitem_l_partkey_l_quantity_idx,0,0,0,0,0
1416446332.7291,public,lineitem,lineitem_l_shipdate_l_suppkey_brin_idx,0,0,0,0,0
1416446332.7291,public,supplier,supplier_s_nationkey_s_suppkey_brin_idx,0,0,0,0,3
1416446332.7291,public,supplier,pk_supplier,0,0,0,275,0
1416446332.7291,public,supplier,supplier_s_suppkey_idx_like,0,0,0,1,0
1416446332.7291,pg_catalog,pg_operator,pg_operator_oprname_l_r_n_index,22699,228635,228635,509,49629
1416446332.7291,pg_catalog,pg_operator,pg_operator_oid_index,26245,26245,26245,428,56772
1416446332.7291,pg_catalog,pg_enum,pg_enum_typid_sortorder_index,0,0,0,0,0
1416446332.7291,pg_catalog,pg_enum,pg_enum_typid_label_index,0,0,0,0,0
1416446332.7291,pg_catalog,pg_enum,pg_enum_oid_index,0,0,0,0,0
1416446332.7291,pg_catalog,pg_depend,pg_depend_reference_index,6781,7346,6216,1476,15826
1416446332.7291,pg_catalog,pg_depend,pg_depend_depender_index,1919,3088,3088,782,6802
1416446332.7291,pg_toast,pg_toast_12693,pg_toast_12693_index,0,0,0,0,0
1416446332.7291,public,part,part_p_type_p_partkey_idx,0,0,0,11519,0
1416446332.7291,public,part,part_p_name_idx,0,0,0,13604,0
1416446332.7291,public,part,part_p_container_p_brand_p_partkey_idx,0,0,0,12144,0
1416446332.7291,public,part,part_p_size_brin_idx,0,0,0,0,3
1416446332.7291,public,part,pk_part,0,0,0,5486,0
1416446332.7291,public,nation,pk_nation,0,0,0,1,0
1416446332.7291,public,partsupp,pk_partsupp,0,0,0,21936,0
1416446332.7291,public,partsupp,partsupp_ps_suppkey_idx,0,0,0,0,6
1416446332.7291,public,region,pk_region,0,0,0,1,0
